/*
SQLyog Ultimate v8.5 
MySQL - 5.7.13-0ubuntu0.16.04.2 : Database - opendesign
*********************************************************************
*/

/*!40101 SET NAMES utf8 */;

/*!40101 SET SQL_MODE=''*/;

/*!40014 SET @OLD_UNIQUE_CHECKS=@@UNIQUE_CHECKS, UNIQUE_CHECKS=0 */;
/*!40014 SET @OLD_FOREIGN_KEY_CHECKS=@@FOREIGN_KEY_CHECKS, FOREIGN_KEY_CHECKS=0 */;
/*!40101 SET @OLD_SQL_MODE=@@SQL_MODE, SQL_MODE='NO_AUTO_VALUE_ON_ZERO' */;
/*!40111 SET @OLD_SQL_NOTES=@@SQL_NOTES, SQL_NOTES=0 */;
CREATE DATABASE /*!32312 IF NOT EXISTS*/`opendesign` /*!40100 DEFAULT CHARACTER SET utf8 */;

USE `opendesign`;

/*Table structure for table `t_alarm` */

DROP TABLE IF EXISTS `t_alarm`;

CREATE TABLE `t_alarm` (
  `seq` int(11) NOT NULL AUTO_INCREMENT COMMENT 'seq',
  `member_seq` int(11) DEFAULT NULL COMMENT '회원seq',
  `contents` varchar(1000) COLLATE utf8_bin DEFAULT NULL COMMENT '내용',
  `register_time` char(12) COLLATE utf8_bin DEFAULT NULL COMMENT '등록일시',
  `action_uri` varchar(200) COLLATE utf8_bin DEFAULT NULL COMMENT '액션url',
  `confirm_time` char(12) COLLATE utf8_bin DEFAULT NULL COMMENT '확인일시',
  `actor_seq` int(11) DEFAULT NULL COMMENT '이벤트 유발자',
  PRIMARY KEY (`seq`),
  KEY `member_seq` (`member_seq`)
) ENGINE=InnoDB AUTO_INCREMENT=372 DEFAULT CHARSET=utf8 COLLATE=utf8_bin;

/*Data for the table `t_alarm` */

insert  into `t_alarm`(`seq`,`member_seq`,`contents`,`register_time`,`action_uri`,`confirm_time`,`actor_seq`) values (4,38,'나의 게시물 \"작품-송2\"에 좋아요를 남겼습니다.','201609291615','','201611171740',36),(5,38,'나의 게시물 \"작품-송2\"에 댓글을 남겼습니다.','201609291615','','201611171740',36),(6,41,'나의 게시물 \"fef\"에 좋아요를 남겼습니다.','201609291618','','201611062158',51),(7,41,'나의 게시물 \"fef\"에 좋아요를 남겼습니다.','201609291618','','201611062158',51),(8,38,'나의 게시물 \"작품-송1\"에 좋아요를 남겼습니다.','201609291618','','201611171740',51),(9,38,'나의 게시물 \"작품-송2\"을 100포인트로 구매하셨습니다.','201609291636','','201611171740',36),(10,51,'나의 게시물 \"테스트 제목 입니다.\"에 좋아요를 남겼습니다.','201609291645','','201609301221',51),(11,51,'나의 게시물 \"테스트 제목 입니다.\"에 댓글을 남겼습니다.','201609291645','','201609301221',51),(12,36,'나의 게시물 \"pic_profile3\"에 좋아요를 남겼습니다.','201609291648','','201611041352',51),(13,37,'나의 게시물 \"5555555\"에 좋아요를 남겼습니다.','201609291648','',NULL,51),(14,51,'나의 게시물 \"내가 만든 작품\"에 좋아요를 남겼습니다.','201609291650','','201609301221',51),(15,38,'나의 게시물 \"작품-송2\"을 100포인트로 구매하셨습니다.','201609291650','','201611171740',36),(16,36,'나의 게시물 \"Hydrangeas\"에 댓글을 남겼습니다.','201609291657','','201611041352',36),(17,36,'나의 게시물 \"Hydrangeas\"에 댓글을 남겼습니다.','201609291658','','201611041352',36),(18,36,'나의 게시물 \"pic_profile\"에 좋아요를 남겼습니다.','201609291746','','201611041352',36),(19,38,'나의 게시물 \"작품-송2\"에 좋아요를 남겼습니다.','201609291750','','201611171740',36),(20,36,'나의 게시물 \"송3\"에 좋아요를 남겼습니다.','201609291914','','201611041352',39),(21,36,'나의 게시물 \"송3\"에 좋아요를 남겼습니다.','201609291914','','201611041352',39),(22,37,'나의 게시물 \"55555\"에 댓글을 남겼습니다.','201609292120','',NULL,51),(23,51,'나의 게시물 \"테스트 제목 입니다.\"에 좋아요를 남겼습니다.','201609292129','','201609301221',51),(24,51,'나의 게시물 \"ㅇㅇ\"에 좋아요를 남겼습니다.','201609292137','','201609301221',51),(25,38,'나의 게시물 \"작품-송1\"에 좋아요를 남겼습니다.','201609292137','','201611171740',51),(26,51,'나의 게시물 \"테스트 제목 입니다.\"에 댓글을 남겼습니다.','201609292138','','201609301221',51),(27,51,'나의 게시물 \"3D 표현\"에 댓글을 남겼습니다.','201609300942','','201609301221',51),(28,51,'나의 게시물 \"디자인 시안\"에 댓글을 남겼습니다.','201609300952','','201609301221',51),(29,51,'나의 게시물 \"별빛이 흐르는\"에 댓글을 남겼습니다.','201609301010','','201609301221',41),(30,38,'나의 게시물 \"작품-송2\"에 좋아요를 남겼습니다.','201609301012','','201611171740',51),(31,38,'나의 게시물 \"작품-송2\"에 좋아요를 남겼습니다.','201609301012','','201611171740',51),(32,51,'나의 게시물 \"별빛이 흐르는\"에 좋아요를 남겼습니다.','201609301012','','201609301221',41),(33,38,'나의 게시물 \"작품-송2\"에 댓글을 남겼습니다.','201609301012','','201611171740',51),(34,38,'나의 게시물 \"작품-송2\"에 좋아요를 남겼습니다.','201609301032','','201611171740',41),(35,51,'나의 게시물 \"별빛이 흐르는\"에 댓글을 남겼습니다.','201609301033','','201609301221',41),(36,41,'나의 게시물 \"ab\"에 댓글을 남겼습니다.','201609301041','','201611062158',41),(37,41,'나의 게시물 \"ab\"에 댓글을 남겼습니다.','201609301041','','201611062158',41),(38,41,'나의 게시물 \"ab\"에 댓글을 남겼습니다.','201609301041','','201611062158',41),(39,41,'나의 게시물 \"ab\"에 좋아요를 남겼습니다.','201609301041','','201611062158',41),(40,41,'나의 게시물 \"1234\"에 댓글을 남겼습니다.','201609301042','','201611062158',41),(41,41,'나의 게시물 \"1234\"에 댓글을 남겼습니다.','201609301042','','201611062158',41),(42,51,'나의 게시물 \"별빛이 흐르는\"에 좋아요를 남겼습니다.','201609301059','','201609301221',51),(43,51,'나의 게시물 \"별빛이 흐르는\"에 댓글을 남겼습니다.','201609301101','','201609301221',51),(44,51,'나의 게시물 \"별빛이 흐르는\"에 좋아요를 남겼습니다.','201610041534','',NULL,54),(45,41,'나의 게시물 \"1234\"에 좋아요를 남겼습니다.','201610041534','','201611062158',54),(46,41,'나의 게시물 \"ab\"에 좋아요를 남겼습니다.','201610051512','','201611062158',53),(47,41,'나의 게시물 \"ab\"에 좋아요를 남겼습니다.','201610061738','','201611062158',41),(48,41,'나의 게시물 \"ab\"에 좋아요를 남겼습니다.','201610061738','','201611062158',41),(49,41,'나의 게시물 \"1234\"에 좋아요를 남겼습니다.','201610061758','','201611062158',41),(50,41,'나의 게시물 \"1234\"에 좋아요를 남겼습니다.','201610061758','','201611062158',41),(51,41,'나의 게시물 \"1234\"에 좋아요를 남겼습니다.','201610061759','','201611062158',41),(52,41,'나의 게시물 \"1234\"에 좋아요를 남겼습니다.','201610061759','','201611062158',41),(53,41,'나의 게시물 \"1234\"에 좋아요를 남겼습니다.','201610061759','','201611062158',41),(54,41,'나의 게시물 \"1234\"에 좋아요를 남겼습니다.','201610061759','','201611062158',41),(55,41,'나의 게시물 \"1234\"에 좋아요를 남겼습니다.','201610061759','','201611062158',41),(56,41,'나의 게시물 \"1234\"에 좋아요를 남겼습니다.','201610061759','','201611062158',41),(57,41,'나의 게시물 \"1234\"에 좋아요를 남겼습니다.','201610061759','','201611062158',41),(58,41,'나의 게시물 \"1234\"에 좋아요를 남겼습니다.','201610061759','','201611062158',41),(59,41,'나의 게시물 \"1234\"에 좋아요를 남겼습니다.','201610061759','','201611062158',41),(60,41,'나의 게시물 \"1234\"에 좋아요를 남겼습니다.','201610061759','','201611062158',41),(61,41,'나의 게시물 \"1234\"에 좋아요를 남겼습니다.','201610061759','','201611062158',41),(62,41,'나의 게시물 \"1234\"에 좋아요를 남겼습니다.','201610061800','','201611062158',41),(63,41,'나의 게시물 \"fef\"에 좋아요를 남겼습니다.','201610061808','','201611062158',41),(64,36,'나의 게시물 \"Hydrangeas\"에 댓글을 남겼습니다.','201610101541','','201611041352',52),(65,36,'나의 게시물 \"Hydrangeas\"에 좋아요를 남겼습니다.','201610111447','','201611041352',42),(66,41,'나의 게시물 \"포인트구매페이지\"에 좋아요를 남겼습니다.','201610182307','','201611062158',41),(67,41,'나의 게시물 \"포인트구매페이지\"에 댓글을 남겼습니다.','201610182308','','201611062158',41),(68,41,'나의 게시물 \"포인트구매페이지\"에 댓글을 남겼습니다.','201610182308','','201611062158',41),(69,41,'나의 게시물 \"포인트구매페이지\"에 댓글을 남겼습니다.','201610182308','','201611062158',41),(70,41,'나의 게시물 \"포인트구매페이지\"에 댓글을 남겼습니다.','201610182308','','201611062158',41),(71,41,'나의 게시물 \"1234\"에 댓글을 남겼습니다.','201610182316','','201611062158',41),(72,41,'나의 게시물 \"1234\"에 댓글을 남겼습니다.','201610182316','','201611062158',41),(73,41,'나의 게시물 \"1234\"에 댓글을 남겼습니다.','201610182316','','201611062158',41),(74,41,'나의 게시물 \"ㅅㅅㅅㅅㅅㅋ\"에 댓글을 남겼습니다.','201610241923','','201611062158',41),(75,41,'나의 게시물 \"12345678901234567890\"에 댓글을 남겼습니다.','201610242106','','201611062158',41),(76,41,'나의 게시물 \"12345678901234567890\"에 댓글을 남겼습니다.','201610242110','','201611062158',41),(77,41,'나의 게시물 \"1234\"에 댓글을 남겼습니다.','201610242308','','201611062158',41),(78,41,'나의 게시물 \"1234\"에 댓글을 남겼습니다.','201610242308','','201611062158',41),(79,41,'나의 게시물 \"1234\"에 댓글을 남겼습니다.','201610242308','','201611062158',41),(80,41,'나의 게시물 \"1234\"에 댓글을 남겼습니다.','201610242308','','201611062158',41),(81,41,'나의 게시물 \"1234\"에 댓글을 남겼습니다.','201610242308','','201611062158',41),(82,41,'나의 게시물 \"1234\"에 댓글을 남겼습니다.','201610242308','','201611062158',41),(83,41,'나의 게시물 \"okky\"에 댓글을 남겼습니다.','201610242328','','201611062158',41),(84,41,'나의 게시물 \"okky\"에 댓글을 남겼습니다.','201610242328','','201611062158',41),(85,41,'나의 게시물 \"의뢰\"에 댓글을 남겼습니다.','201610242328','','201611062158',41),(86,41,'나의 게시물 \"의뢰\"에 댓글을 남겼습니다.','201610242328','','201611062158',41),(87,41,'나의 게시물 \"의뢰\"에 댓글을 남겼습니다.','201610242328','','201611062158',41),(88,41,'나의 게시물 \"의뢰\"에 댓글을 남겼습니다.','201610242328','','201611062158',41),(89,41,'나의 게시물 \"의뢰\"에 댓글을 남겼습니다.','201610242328','','201611062158',41),(90,41,'나의 게시물 \"의뢰\"에 댓글을 남겼습니다.','201610242328','','201611062158',41),(91,41,'나의 게시물 \"의뢰\"에 댓글을 남겼습니다.','201610242328','','201611062158',41),(92,41,'나의 게시물 \"의뢰\"에 댓글을 남겼습니다.','201610242329','','201611062158',41),(93,41,'나의 게시물 \"의뢰\"에 댓글을 남겼습니다.','201610242329','','201611062158',41),(94,41,'나의 게시물 \"ㄴㄴㄴㄴㄴㄴㄴㄴㄴㄴ\"에 댓글을 남겼습니다.','201610242340','','201611062158',41),(95,41,'나의 게시물 \"12345678901234\"에 댓글을 남겼습니다.','201610251654','','201611062158',41),(96,41,'나의 게시물 \"12345678901234\"에 좋아요를 남겼습니다.','201610251739','','201611062158',41),(97,41,'나의 게시물 \"12345678901234\"에 댓글을 남겼습니다.','201610251749','','201611062158',41),(98,41,'나의 게시물 \"12345678901234\"에 댓글을 남겼습니다.','201610251749','','201611062158',41),(99,41,'나의 게시물 \"12345678901234\"에 댓글을 남겼습니다.','201610251750','','201611062158',41),(100,41,'나의 게시물 \"12345678901234567890\"에 좋아요를 남겼습니다.','201610251803','','201611062158',56),(101,36,'나의 그룹 \"한복그룹\"에 신청하셨습니다.','201610261857','','201611041352',38),(102,38,'그룹 \"한복그룹\"에 대한 신청을 승인하셨습니다.','201610261857','','201611171740',36),(103,62,'나의 그룹 \"의상그룹\"에 신청하셨습니다.','201610262102','','201611171700',36),(104,36,'그룹 \"의상그룹\"에 대한 신청을 승인하셨습니다.','201610262102','','201611041352',62),(105,62,'나의 그룹 \"의상그룹\"에 신청하셨습니다.','201610262104','','201611171700',62),(106,62,'그룹 \"의상그룹\"에 대한 신청을 승인하셨습니다.','201610262104','','201611171700',62),(107,62,'나의 게시물 \"전기소켓\"에 좋아요를 남겼습니다.','201610271403','','201611171700',61),(108,62,'나의 게시물 \"My Dorothy3\"에 좋아요를 남겼습니다.','201610281424','','201611171700',43),(109,62,'나의 게시물 \"Sculputre in Motion1\"에 좋아요를 남겼습니다.','201610281425','','201611171700',43),(110,62,'나의 게시물 \"Sculputre in Motion1\"에 좋아요를 남겼습니다.','201610281425','','201611171700',43),(111,62,'나의 게시물 \"의상\"에 좋아요를 남겼습니다.','201610291041','','201611171700',64),(112,62,'나의 게시물 \"의상\"에 좋아요를 남겼습니다.','201610291041','','201611171700',64),(113,62,'나의 게시물 \"의상\"에 좋아요를 남겼습니다.','201610291041','','201611171700',64),(114,62,'나의 게시물 \"의상\"에 좋아요를 남겼습니다.','201610291041','','201611171700',64),(115,62,'나의 게시물 \"의상\"에 좋아요를 남겼습니다.','201610291058','','201611171700',64),(116,62,'나의 게시물 \"스케치 입니다.\"에 좋아요를 남겼습니다.','201610291339','','201611171700',64),(117,56,'나의 게시물 \"배경\"에 댓글을 남겼습니다.','201610291433','',NULL,36),(118,56,'나의 게시물 \"배경\"에 좋아요를 남겼습니다.','201610291508','',NULL,53),(119,62,'나의 게시물 \"전기소켓\"에 좋아요를 남겼습니다.','201610291508','','201611171700',53),(120,48,'나의 게시물 \"dog4\"에 좋아요를 남겼습니다.','201610291508','',NULL,53),(121,48,'나의 게시물 \"dog3\"에 좋아요를 남겼습니다.','201610291508','',NULL,53),(122,62,'나의 게시물 \"화분\"에 좋아요를 남겼습니다.','201610291508','','201611171700',53),(123,36,'나의 게시물 \"꽃2\"에 좋아요를 남겼습니다.','201610291537','','201611041352',62),(124,38,'나의 게시물 \"작품-송1\"에 댓글을 남겼습니다.','201610291601','','201611171740',53),(125,41,'나의 게시물 \"ㅋㅋㅋㅋㅋㅋㅋㅋㅋㅋㅋㅋㅋㅋㅋㅋㅋㅋㅋㅋㅋㅋㅋㅋㅋㅋㅋㅋㅋㅋㅋㅋㅋㅋㅋㅋㅋㅋㅋㅋㅋㅋㅋㅋㅋㅋㅋㅋㅋㅋㅋㅋㅋㅋㅋㅋㅋㅋㅋㅋㅋㅋ\"에 댓글을 남겼습니다.','201610291606','','201611062158',53),(126,41,'나의 게시물 \"ㅋㅋㅋㅋㅋㅋㅋㅋㅋㅋㅋㅋㅋㅋㅋㅋㅋㅋㅋㅋㅋㅋㅋㅋㅋㅋㅋㅋㅋㅋㅋㅋㅋㅋㅋㅋㅋㅋㅋㅋㅋㅋㅋㅋㅋㅋㅋㅋㅋㅋㅋㅋㅋㅋㅋㅋㅋㅋㅋㅋㅋㅋ\"에 댓글을 남겼습니다.','201610291606','','201611062158',53),(127,41,'나의 게시물 \"ㅋㅋㅋㅋㅋㅋㅋㅋㅋㅋㅋㅋㅋㅋㅋㅋㅋㅋㅋㅋㅋㅋㅋㅋㅋㅋㅋㅋㅋㅋㅋㅋㅋㅋㅋㅋㅋㅋㅋㅋㅋㅋㅋㅋㅋㅋㅋㅋㅋㅋㅋㅋㅋㅋㅋㅋㅋㅋㅋㅋㅋㅋ\"에 댓글을 남겼습니다.','201610291606','','201611062158',53),(128,41,'나의 게시물 \"ㅋㅋㅋㅋㅋㅋㅋㅋㅋㅋㅋㅋㅋㅋㅋㅋㅋㅋㅋㅋㅋㅋㅋㅋㅋㅋㅋㅋㅋㅋㅋㅋㅋㅋㅋㅋㅋㅋㅋㅋㅋㅋㅋㅋㅋㅋㅋㅋㅋㅋㅋㅋㅋㅋㅋㅋㅋㅋㅋㅋㅋㅋ\"에 댓글을 남겼습니다.','201610291606','','201611062158',53),(129,41,'나의 게시물 \"ㅋㅋㅋㅋㅋㅋㅋㅋㅋㅋㅋㅋㅋㅋㅋㅋㅋㅋㅋㅋㅋㅋㅋㅋㅋㅋㅋㅋㅋㅋㅋㅋㅋㅋㅋㅋㅋㅋㅋㅋㅋㅋㅋㅋㅋㅋㅋㅋㅋㅋㅋㅋㅋㅋㅋㅋㅋㅋㅋㅋㅋㅋ\"에 댓글을 남겼습니다.','201610291606','','201611062158',53),(130,41,'나의 게시물 \"ㅋㅋㅋㅋㅋㅋㅋㅋㅋㅋㅋㅋㅋㅋㅋㅋㅋㅋㅋㅋㅋㅋㅋㅋㅋㅋㅋㅋㅋㅋㅋㅋㅋㅋㅋㅋㅋㅋㅋㅋㅋㅋㅋㅋㅋㅋㅋㅋㅋㅋㅋㅋㅋㅋㅋㅋㅋㅋㅋㅋㅋㅋ\"에 댓글을 남겼습니다.','201610291606','','201611062158',53),(131,41,'나의 게시물 \"ㅋㅋㅋㅋㅋㅋㅋㅋㅋㅋㅋㅋㅋㅋㅋㅋㅋㅋㅋㅋㅋㅋㅋㅋㅋㅋㅋㅋㅋㅋㅋㅋㅋㅋㅋㅋㅋㅋㅋㅋㅋㅋㅋㅋㅋㅋㅋㅋㅋㅋㅋㅋㅋㅋㅋㅋㅋㅋㅋㅋㅋㅋ\"에 댓글을 남겼습니다.','201610291606','','201611062158',53),(132,41,'나의 게시물 \"ㅋㅋㅋㅋㅋㅋㅋㅋㅋㅋㅋㅋㅋㅋㅋㅋㅋㅋㅋㅋㅋㅋㅋㅋㅋㅋㅋㅋㅋㅋㅋㅋㅋㅋㅋㅋㅋㅋㅋㅋㅋㅋㅋㅋㅋㅋㅋㅋㅋㅋㅋㅋㅋㅋㅋㅋㅋㅋㅋㅋㅋㅋ\"에 댓글을 남겼습니다.','201610291606','','201611062158',53),(133,62,'나의 게시물 \"손톱깎이\"에 좋아요를 남겼습니다.','201610291718','','201611171700',62),(134,64,'나의 게시물 \"한복 디자인\"을 0포인트로 구매하셨습니다.','201610310025','','201611041324',53),(135,64,'나의 게시물 \"한복 디자인\"을 0포인트로 구매하셨습니다.','201610310025','','201611041324',53),(136,64,'나의 게시물 \"한복 디자인\"을 0포인트로 구매하셨습니다.','201610310025','','201611041324',53),(137,64,'나의 게시물 \"한복 디자인\"에 좋아요를 남겼습니다.','201610310025','','201611041324',53),(138,53,'나의 게시물 \"정장\"에 댓글을 남겼습니다.','201610310028','','201611171725',53),(139,64,'나의 게시물 \"한복 디자인\"을 0포인트로 구매하셨습니다.','201610310949','','201611041324',62),(140,48,'나의 게시물 \"dog4\"을 0포인트로 구매하셨습니다.','201610310949','',NULL,62),(141,53,'나의 게시물 \"정장\"을 400포인트로 구매하셨습니다.','201610310949','','201611171725',62),(142,62,'나의 게시물 \"유모차\"을 0포인트로 구매하셨습니다.','201610310949','','201611171700',62),(143,62,'나의 게시물 \"화분\"을 0포인트로 구매하셨습니다.','201610310950','','201611171700',62),(144,48,'나의 게시물 \"dog3\"을 0포인트로 구매하셨습니다.','201610310950','',NULL,62),(145,56,'나의 게시물 \"배경\"을 900포인트로 구매하셨습니다.','201610310950','',NULL,62),(146,41,'나의 게시물 \"12345678901234567890\"에 좋아요를 남겼습니다.','201610311402','','201611062158',41),(147,41,'나의 게시물 \"12345678901234567890\"에 좋아요를 남겼습니다.','201610311403','','201611062158',41),(148,41,'나의 게시물 \"12345678901234567890123456789012345678901234567890\"에 댓글을 남겼습니다.','201610311407','','201611062158',41),(149,56,'나의 게시물 \"배경\"에 좋아요를 남겼습니다.','201610311408','',NULL,41),(150,56,'나의 게시물 \"배경\"을 900포인트로 구매하셨습니다.','201610311409','',NULL,41),(151,64,'나의 게시물 \"한복 디자인\"에 좋아요를 남겼습니다.','201610311410','','201611041324',41),(152,41,'나의 게시물 \"ab\"에 댓글을 남겼습니다.','201610311411','','201611062158',41),(153,41,'나의 게시물 \"ab\"에 댓글을 남겼습니다.','201610311411','','201611062158',41),(154,41,'나의 게시물 \"ab\"에 댓글을 남겼습니다.','201610311412','','201611062158',41),(155,41,'나의 게시물 \"ab\"에 댓글을 남겼습니다.','201610311412','','201611062158',41),(156,41,'나의 게시물 \"ab\"에 댓글을 남겼습니다.','201610311412','','201611062158',41),(157,41,'나의 게시물 \"ab\"에 댓글을 남겼습니다.','201610311413','','201611062158',41),(158,41,'나의 게시물 \"ab\"에 댓글을 남겼습니다.','201610311413','','201611062158',41),(159,41,'나의 게시물 \"ab\"에 댓글을 남겼습니다.','201610311413','','201611062158',41),(160,41,'나의 게시물 \"ab\"에 댓글을 남겼습니다.','201610311413','','201611062158',41),(161,53,'나의 게시물 \"정장\"에 댓글을 남겼습니다.','201610311422','','201611171725',53),(162,53,'나의 게시물 \"정장\"에 댓글을 남겼습니다.','201610311422','','201611171725',53),(163,62,'나의 게시물 \"스케치 입니다.\"에 댓글을 남겼습니다.','201610311450','','201611171700',53),(164,41,'나의 게시물 \"12345678901234\"에 댓글을 남겼습니다.','201611010009','','201611062158',43),(165,41,'나의 게시물 \"ab\"을 0포인트로 구매하셨습니다.','201611010233','','201611062158',43),(166,41,'나의 게시물 \"12345678901234567890123456789012345678901234567890\"에 댓글을 남겼습니다.','201611010237','','201611062158',43),(167,41,'나의 게시물 \"zzzzzzzzzzzzzzzzzzzzzzzzzz\"에 댓글을 남겼습니다.','201611011557','','201611062158',62),(168,41,'나의 게시물 \"zzzzzzzzzzzzzzzzzzzzzzzzzz\"에 댓글을 남겼습니다.','201611011558','','201611062158',62),(169,41,'나의 그룹 \"가나다라\"에 신청하셨습니다.','201611012319','','201611062158',41),(170,41,'그룹 \"가나다라\"에 대한 신청을 승인하셨습니다.','201611012319','','201611062158',41),(171,41,'나의 그룹 \"가나다라\"에 신청하셨습니다.','201611012319','','201611062158',41),(172,41,'그룹 \"가나다라\"에 대한 신청을 승인하셨습니다.','201611012320','','201611062158',41),(173,41,'나의 게시물 \"1234\"에 좋아요를 남겼습니다.','201611012341','','201611062158',41),(174,41,'나의 게시물 \"12345678901234\"에 댓글을 남겼습니다.','201611012350','','201611062158',41),(175,41,'나의 게시물 \"12345678901234\"에 댓글을 남겼습니다.','201611012350','','201611062158',41),(176,41,'나의 게시물 \"12345678901234\"에 댓글을 남겼습니다.','201611012350','','201611062158',41),(177,41,'나의 게시물 \"12345678901234\"에 댓글을 남겼습니다.','201611012350','','201611062158',41),(178,41,'나의 게시물 \"12345678901234\"에 댓글을 남겼습니다.','201611012350','','201611062158',41),(179,41,'나의 게시물 \"12345678901234\"에 댓글을 남겼습니다.','201611012350','','201611062158',41),(180,41,'나의 게시물 \"12345678901234\"에 댓글을 남겼습니다.','201611012350','','201611062158',41),(181,41,'나의 게시물 \"12345678901234\"에 댓글을 남겼습니다.','201611012350','','201611062158',41),(182,41,'나의 게시물 \"12345678901234\"에 댓글을 남겼습니다.','201611012350','','201611062158',41),(183,41,'나의 게시물 \"12345678901234\"에 댓글을 남겼습니다.','201611012350','','201611062158',41),(184,41,'나의 게시물 \"12345678901234\"에 댓글을 남겼습니다.','201611012350','','201611062158',41),(185,41,'나의 게시물 \"12345678901234\"에 댓글을 남겼습니다.','201611012350','','201611062158',41),(186,41,'나의 게시물 \"12345678901234\"에 댓글을 남겼습니다.','201611012350','','201611062158',41),(187,41,'나의 게시물 \"12345678901234\"에 댓글을 남겼습니다.','201611012350','','201611062158',41),(188,41,'나의 게시물 \"12345678901234\"에 댓글을 남겼습니다.','201611012351','','201611062158',41),(189,41,'나의 게시물 \"12345678901234\"에 댓글을 남겼습니다.','201611012351','','201611062158',41),(190,41,'나의 게시물 \"일이삼사오륙칠팔구십일이삼사오륙칠팔구십일이삼사오륙칠팔구십\"에 댓글을 남겼습니다.','201611020001','','201611062158',41),(191,41,'나의 그룹 \"가나다라\"에 신청하셨습니다.','201611020005','','201611062158',41),(192,41,'나의 게시물 \"일이삼사오륙칠팔구십일이삼사오륙칠팔구십일이삼사오륙칠팔구십\"을 0포인트로 구매하셨습니다.','201611020007','','201611062158',41),(193,41,'나의 게시물 \"12345678901234567890123456789012345678901234567890\"에 댓글을 남겼습니다.','201611020009','','201611062158',41),(194,41,'나의 게시물 \"의뢰\"에 댓글을 남겼습니다.','201611020010','','201611062158',41),(195,41,'나의 게시물 \"의뢰\"에 댓글을 남겼습니다.','201611020010','','201611062158',41),(196,41,'나의 게시물 \"의뢰\"에 댓글을 남겼습니다.','201611020010','','201611062158',41),(197,41,'나의 게시물 \"의뢰\"에 댓글을 남겼습니다.','201611020010','','201611062158',41),(198,41,'나의 게시물 \"의뢰\"에 댓글을 남겼습니다.','201611020010','','201611062158',41),(199,41,'나의 게시물 \"현재 시각 12시 11분\"에 댓글을 남겼습니다.','201611020012','','201611062158',41),(200,41,'나의 게시물 \"현재 시각 12시 12분\"에 댓글을 남겼습니다.','201611020012','','201611062158',41),(201,41,'나의 게시물 \"ab\"에 좋아요를 남겼습니다.','201611021658','','201611062158',66),(202,41,'나의 게시물 \"ab\"에 좋아요를 남겼습니다.','201611021658','','201611062158',66),(203,41,'나의 게시물 \"일이삼사오륙칠팔구십일이삼사오륙칠팔구십일이삼사오륙칠팔구십\"에 댓글을 남겼습니다.','201611021802','','201611062158',66),(204,43,'나의 게시물 \"ㅁㅁ\"에 댓글을 남겼습니다.','201611021802','','201611022037',66),(205,41,'나의 게시물 \"1234\"에 댓글을 남겼습니다.','201611021814','','201611062158',66),(206,41,'나의 게시물 \"1234\"에 댓글을 남겼습니다.','201611021814','','201611062158',66),(207,41,'나의 게시물 \"1234\"에 댓글을 남겼습니다.','201611021814','','201611062158',66),(208,41,'나의 게시물 \"1234\"에 댓글을 남겼습니다.','201611021814','','201611062158',66),(209,41,'나의 게시물 \"1234\"에 댓글을 남겼습니다.','201611021814','','201611062158',66),(210,41,'나의 게시물 \"1234\"에 댓글을 남겼습니다.','201611021814','','201611062158',66),(211,41,'나의 게시물 \"1234\"에 댓글을 남겼습니다.','201611021815','','201611062158',66),(212,41,'나의 게시물 \"일이삼사오륙칠팔구십일이삼사오륙칠팔구십일이삼사오륙칠팔구십\"에 좋아요를 남겼습니다.','201611021836','','201611062158',72),(213,41,'나의 게시물 \"일이삼사오륙칠팔구십일이삼사오륙칠팔구십일이삼사오륙칠팔구십\"에 좋아요를 남겼습니다.','201611021839','','201611062158',72),(214,41,'나의 게시물 \"일이삼사오륙칠팔구십일이삼사오륙칠팔구십일이삼사오륙칠팔구십\"에 좋아요를 남겼습니다.','201611021840','','201611062158',72),(215,62,'나의 게시물 \"정통-한복에서-모티브를-따온-의상디자인\"에 좋아요를 남겼습니다.','201611021840','','201611171700',72),(216,62,'나의 게시물 \"정통-한복에서-모티브를-따온-의상디자인\"에 좋아요를 남겼습니다.','201611021842','','201611171700',78),(217,77,'나의 게시물 \"abcdefghijklmnopqrstuvwxyz\"을 1포인트로 구매하셨습니다.','201611021842','','201611161408',66),(218,62,'나의 게시물 \"손톱깎이\"에 좋아요를 남겼습니다.','201611021843','','201611171700',72),(219,43,'나의 게시물 \"cat2\"에 좋아요를 남겼습니다.','201611021847','','201611022037',78),(220,66,'나의 게시물 \"ㅛ쇼숏교\"을 0포인트로 구매하셨습니다.','201611021855','','201611022026',66),(221,77,'나의 게시물 \"abcdefghijklmnopqrstuvwxyz\"을 1포인트로 구매하셨습니다.','201611021855','','201611161408',66),(222,66,'나의 게시물 \"쀠띠띠우\"을 0포인트로 구매하셨습니다.','201611021859','','201611022026',77),(223,66,'나의 게시물 \"쀼쀼\"에 좋아요를 남겼습니다.','201611021900','','201611022026',77),(224,72,'나의 게시물 \"테스테스테스트 작푸우우우우우므ㅡㅡㅡㅡㅡㅡㅡ\"에 좋아요를 남겼습니다.','201611021903','','201611021911',78),(225,72,'나의 게시물 \"테스테스테스트 작푸우우우우우므ㅡㅡㅡㅡㅡㅡㅡ\"을 10포인트로 구매하셨습니다.','201611021913','',NULL,78),(226,66,'나의 게시물 \"ㄴㅇㄹ\"에 댓글을 남겼습니다.','201611021916','','201611022026',66),(227,41,'나의 게시물 \"12345678901234567890123456789012345678901234567890\"에 댓글을 남겼습니다.','201611021916','','201611062158',66),(228,41,'나의 게시물 \"12345678901234567890123456789012345678901234567890\"에 댓글을 남겼습니다.','201611021916','','201611062158',66),(229,41,'나의 게시물 \"12345678901234567890123456789012345678901234567890\"에 댓글을 남겼습니다.','201611021916','','201611062158',66),(230,41,'나의 게시물 \"12345678901234567890123456789012345678901234567890\"에 댓글을 남겼습니다.','201611021916','','201611062158',66),(231,41,'나의 게시물 \"12345678901234567890123456789012345678901234567890\"에 댓글을 남겼습니다.','201611021916','','201611062158',66),(232,41,'나의 게시물 \"12345678901234567890123456789012345678901234567890\"에 댓글을 남겼습니다.','201611021916','','201611062158',66),(233,41,'나의 게시물 \"12345678901234567890123456789012345678901234567890\"에 댓글을 남겼습니다.','201611021916','','201611062158',66),(234,41,'나의 게시물 \"12345678901234567890123456789012345678901234567890\"에 댓글을 남겼습니다.','201611021917','','201611062158',66),(235,41,'나의 게시물 \"12345678901234567890123456789012345678901234567890\"에 댓글을 남겼습니다.','201611021917','','201611062158',66),(236,41,'나의 게시물 \"12345678901234567890123456789012345678901234567890\"에 댓글을 남겼습니다.','201611021917','','201611062158',66),(237,41,'나의 게시물 \"12345678901234567890123456789012345678901234567890\"에 댓글을 남겼습니다.','201611021917','','201611062158',66),(238,41,'나의 게시물 \"12345678901234567890123456789012345678901234567890\"에 댓글을 남겼습니다.','201611021917','','201611062158',66),(239,41,'나의 게시물 \"12345678901234567890123456789012345678901234567890\"에 댓글을 남겼습니다.','201611021917','','201611062158',66),(240,41,'나의 게시물 \"12345678901234567890123456789012345678901234567890\"에 댓글을 남겼습니다.','201611021917','','201611062158',66),(241,41,'나의 게시물 \"12345678901234567890123456789012345678901234567890\"에 댓글을 남겼습니다.','201611021917','','201611062158',66),(242,41,'나의 게시물 \"12345678901234567890123456789012345678901234567890\"에 댓글을 남겼습니다.','201611021917','','201611062158',66),(243,72,'나의 게시물 \"테스테스테스트 작푸우우우우우므ㅡㅡㅡㅡㅡㅡㅡ\"을 10포인트로 구매하셨습니다.','201611021918','',NULL,79),(244,56,'나의 게시물 \"배경\"에 좋아요를 남겼습니다.','201611021926','',NULL,42),(245,72,'나의 게시물 \"테스테스테스트 작푸우우우우우므ㅡㅡㅡㅡㅡㅡㅡ\"에 댓글을 남겼습니다.','201611021928','',NULL,79),(246,72,'나의 게시물 \"테스테스테스트 작푸우우우우우므ㅡㅡㅡㅡㅡㅡㅡ\"에 댓글을 남겼습니다.','201611021928','',NULL,79),(247,72,'나의 게시물 \"테스테스테스트 작푸우우우우우므ㅡㅡㅡㅡㅡㅡㅡ\"에 댓글을 남겼습니다.','201611021929','',NULL,79),(248,72,'나의 게시물 \"테스테스테스트 작푸우우우우우므ㅡㅡㅡㅡㅡㅡㅡ\"에 댓글을 남겼습니다.','201611021929','',NULL,79),(249,72,'나의 게시물 \"테스테스테스트 작푸우우우우우므ㅡㅡㅡㅡㅡㅡㅡ\"에 댓글을 남겼습니다.','201611021929','',NULL,79),(250,72,'나의 게시물 \"테스테스테스트 작푸우우우우우므ㅡㅡㅡㅡㅡㅡㅡ\"에 댓글을 남겼습니다.','201611021929','',NULL,79),(251,72,'나의 게시물 \"테스테스테스트 작푸우우우우우므ㅡㅡㅡㅡㅡㅡㅡ\"에 댓글을 남겼습니다.','201611021929','',NULL,79),(252,72,'나의 게시물 \"테스테스테스트 작푸우우우우우므ㅡㅡㅡㅡㅡㅡㅡ\"에 댓글을 남겼습니다.','201611021929','',NULL,79),(253,72,'나의 게시물 \"테스테스테스트 작푸우우우우우므ㅡㅡㅡㅡㅡㅡㅡ\"에 댓글을 남겼습니다.','201611021930','',NULL,79),(254,72,'나의 게시물 \"테스테스테스트 작푸우우우우우므ㅡㅡㅡㅡㅡㅡㅡ\"에 댓글을 남겼습니다.','201611021930','',NULL,79),(255,72,'나의 게시물 \"테스테스테스트 작푸우우우우우므ㅡㅡㅡㅡㅡㅡㅡ\"에 댓글을 남겼습니다.','201611021930','',NULL,79),(256,72,'나의 게시물 \"테스테스테스트 작푸우우우우우므ㅡㅡㅡㅡㅡㅡㅡ\"에 댓글을 남겼습니다.','201611021930','',NULL,79),(257,72,'나의 게시물 \"테스테스테스트 작푸우우우우우므ㅡㅡㅡㅡㅡㅡㅡ\"에 댓글을 남겼습니다.','201611021930','',NULL,79),(258,72,'나의 게시물 \"테스테스테스트 작푸우우우우우므ㅡㅡㅡㅡㅡㅡㅡ\"에 댓글을 남겼습니다.','201611021930','',NULL,79),(259,78,'나의 게시물 \"으에에에에에에엥\"에 댓글을 남겼습니다.','201611021952','','201611021956',72),(260,78,'나의 게시물 \"으에에에에에에엥\"에 댓글을 남겼습니다.','201611021952','','201611021956',78),(261,78,'나의 게시물 \"ㅊㅊㅇㅊㅇㅊㅇ\"에 댓글을 남겼습니다.','201611021955','','201611021956',78),(262,78,'나의 게시물 \"ㅊㅊㅇㅊㅇㅊㅇ\"에 댓글을 남겼습니다.','201611021955','','201611021956',78),(263,78,'나의 게시물 \"ㅊㅊㅇㅊㅇㅊㅇ\"에 댓글을 남겼습니다.','201611021955','','201611021956',78),(264,78,'나의 게시물 \"ㅊㅊㅇㅊㅇㅊㅇ\"에 댓글을 남겼습니다.','201611021955','','201611021956',78),(265,78,'나의 게시물 \"ㅊㅊㅇㅊㅇㅊㅇ\"에 댓글을 남겼습니다.','201611021955','','201611021956',78),(266,78,'나의 게시물 \"ㅊㅊㅇㅊㅇㅊㅇ\"에 댓글을 남겼습니다.','201611021955','','201611021956',78),(267,78,'나의 게시물 \"ㅊㅊㅇㅊㅇㅊㅇ\"에 댓글을 남겼습니다.','201611021955','','201611021956',78),(268,78,'나의 게시물 \"ㅊㅊㅇㅊㅇㅊㅇ\"에 댓글을 남겼습니다.','201611021955','','201611021956',78),(269,78,'나의 게시물 \"ㅊㅊㅇㅊㅇㅊㅇ\"에 댓글을 남겼습니다.','201611021955','','201611021956',78),(270,78,'나의 게시물 \"ㅊㅊㅇㅊㅇㅊㅇ\"에 댓글을 남겼습니다.','201611021955','','201611021956',78),(271,78,'나의 게시물 \"ㅊㅊㅇㅊㅇㅊㅇ\"에 댓글을 남겼습니다.','201611021955','','201611021956',78),(272,78,'나의 게시물 \"ㅊㅊㅇㅊㅇㅊㅇ\"에 댓글을 남겼습니다.','201611021955','','201611021956',72),(273,78,'나의 게시물 \"ㅊㅊㅇㅊㅇㅊㅇ\"에 댓글을 남겼습니다.','201611021955','','201611021956',72),(274,78,'나의 게시물 \"ㅊㅊㅇㅊㅇㅊㅇ\"에 댓글을 남겼습니다.','201611021955','','201611021956',72),(275,78,'나의 게시물 \"ㅊㅊㅇㅊㅇㅊㅇ\"에 댓글을 남겼습니다.','201611021955','','201611021956',72),(276,68,'나의 게시물 \"가느다란 물방울\"을 5000포인트로 구매하셨습니다.','201611022004','','201611022009',81),(277,38,'나의 게시물 \"꽃\"에 좋아요를 남겼습니다.','201611022016','','201611171740',62),(278,77,'나의 게시물 \"경시대회\"을 4포인트로 구매하셨습니다.','201611022024','','201611161408',78),(279,62,'나의 게시물 \"화분\"을 0포인트로 구매하셨습니다.','201611022024','','201611171700',78),(280,43,'나의 게시물 \"cat2\"을 0포인트로 구매하셨습니다.','201611022024','','201611022037',78),(281,51,'나의 게시물 \"별빛이 흐르는\"에 좋아요를 남겼습니다.','201611022025','',NULL,66),(282,62,'나의 게시물 \"칫솔\"을 0포인트로 구매하셨습니다.','201611022025','','201611171700',78),(283,66,'나의 게시물 \"sdfgsdfgsdfg\"에 좋아요를 남겼습니다.','201611022025','','201611022026',77),(284,72,'나의 게시물 \"테스테스테스트 작푸우우우우우므ㅡㅡㅡㅡㅡㅡㅡ\"에 좋아요를 남겼습니다.','201611022026','',NULL,81),(285,66,'나의 게시물 \"ㅛ쇼숏교\"에 좋아요를 남겼습니다.','201611022027','',NULL,81),(286,41,'나의 게시물 \"일이삼사오륙칠팔구십일이삼사오륙칠팔구십일이삼사오륙칠팔구십\"에 좋아요를 남겼습니다.','201611022027','','201611062158',81),(287,77,'나의 게시물 \"경시대회\"에 좋아요를 남겼습니다.','201611022028','','201611161408',81),(288,66,'나의 게시물 \"나나나노나노\"에 좋아요를 남겼습니다.','201611022029','',NULL,81),(289,41,'나의 게시물 \"ab\"에 좋아요를 남겼습니다.','201611022031','','201611062158',78),(290,41,'나의 게시물 \"1234\"에 좋아요를 남겼습니다.','201611022031','','201611062158',78),(291,41,'나의 게시물 \"일이삼사오륙칠팔구십일이삼사오륙칠팔구십일이삼사오륙칠팔구십\"에 좋아요를 남겼습니다.','201611022031','','201611062158',78),(292,41,'나의 게시물 \"cat\"에 좋아요를 남겼습니다.','201611022031','','201611062158',78),(293,41,'나의 게시물 \"일이삼사오륙칠팔구십일이삼사오륙칠팔구십일이삼사오륙칠팔구십\"을 0포인트로 구매하셨습니다.','201611022035','','201611062158',78),(294,41,'나의 게시물 \"1234\"을 0포인트로 구매하셨습니다.','201611022035','','201611062158',78),(295,66,'나의 게시물 \"쀼쀼\"을 0포인트로 구매하셨습니다.','201611022035','',NULL,78),(296,66,'나의 게시물 \"꾸꾸삐삐꾸삐\"을 0포인트로 구매하셨습니다.','201611022036','',NULL,78),(297,66,'나의 게시물 \"뿌뿌띠뚜뚜삐\"을 0포인트로 구매하셨습니다.','201611022036','',NULL,78),(298,77,'나의 게시물 \"abcdefghijklmnopqrstuvwxyz\"을 1포인트로 구매하셨습니다.','201611022036','','201611161408',78),(299,44,'나의 게시물 \"일이삼사오육칠팔구십일이삼사오육칠팔구이\"에 좋아요를 남겼습니다.','201611022039','',NULL,42),(300,42,'나의 게시물 \"일이삼사오육칠팔구십일이삼사오육칠팔구이\"에 좋아요를 남겼습니다.','201611022039','','201611151350',42),(301,44,'나의 게시물 \"일이삼사오육칠팔구십일이삼사오육칠팔구이\"에 좋아요를 남겼습니다.','201611022040','',NULL,42),(302,44,'나의 게시물 \"일이삼사오육칠팔구십일이삼사오육칠팔구십\"에 좋아요를 남겼습니다.','201611022040','',NULL,42),(303,44,'나의 게시물 \"일이삼사오육칠팔구십일이삼사오육칠팔구십\"에 좋아요를 남겼습니다.','201611022040','',NULL,42),(304,72,'나의 게시물 \"ㅓㅏㅓ\"에 좋아요를 남겼습니다.','201611022048','',NULL,72),(305,72,'나의 게시물 \"\"에 댓글을 남겼습니다.','201611022048','',NULL,72),(306,72,'나의 게시물 \"\"에 좋아요를 남겼습니다.','201611022054','',NULL,72),(307,72,'나의 게시물 \"\"에 좋아요를 남겼습니다.','201611022054','',NULL,72),(308,72,'나의 게시물 \"\"에 댓글을 남겼습니다.','201611022054','',NULL,72),(309,72,'나의 게시물 \"\"에 댓글을 남겼습니다.','201611022054','',NULL,72),(310,72,'나의 게시물 \"\"에 댓글을 남겼습니다.','201611022056','',NULL,78),(311,72,'나의 게시물 \"\"에 댓글을 남겼습니다.','201611022056','',NULL,78),(312,72,'나의 게시물 \"\"에 댓글을 남겼습니다.','201611022056','',NULL,78),(313,72,'나의 게시물 \"\"에 댓글을 남겼습니다.','201611022056','',NULL,78),(314,72,'나의 게시물 \"\"에 댓글을 남겼습니다.','201611022056','',NULL,78),(315,72,'나의 게시물 \"\"에 댓글을 남겼습니다.','201611022056','',NULL,78),(316,72,'나의 게시물 \"\"에 댓글을 남겼습니다.','201611022056','',NULL,78),(317,72,'나의 게시물 \"\"에 댓글을 남겼습니다.','201611022056','',NULL,78),(318,72,'나의 게시물 \"\"에 댓글을 남겼습니다.','201611022056','',NULL,78),(319,72,'나의 게시물 \"\"에 댓글을 남겼습니다.','201611022056','',NULL,78),(320,72,'나의 게시물 \"\"에 댓글을 남겼습니다.','201611022056','',NULL,78),(321,66,'나의 게시물 \"sdfgsdfgsdfg\"을 0포인트로 구매하셨습니다.','201611041318','',NULL,53),(322,77,'나의 게시물 \"경시대회\"을 4포인트로 구매하셨습니다.','201611041330','','201611161408',36),(323,36,'나의 그룹 \"그룹test\"에 신청하셨습니다.','201611041348','','201611041352',36),(324,36,'그룹 \"그룹test\"에 대한 신청을 승인하셨습니다.','201611041349','','201611041352',36),(325,36,'나의 그룹 \"그룹test\"에 신청하셨습니다.','201611041351','','201611041352',36),(326,36,'그룹 \"그룹test\"에 대한 신청을 승인하셨습니다.','201611041351','','201611041352',36),(327,53,'나의 게시물 \"FB계정의 첫 작품\"에 댓글을 남겼습니다.','201611041512','','201611171725',53),(328,66,'나의 게시물 \"ㅁㅁㅁ\"에 댓글을 남겼습니다.','201611041702','',NULL,53),(329,53,'나의 그룹 \"FB 그룹\"에 신청하셨습니다.','201611041713','','201611171725',53),(330,53,'그룹 \"FB 그룹\"에 대한 신청을 승인하셨습니다.','201611041714','','201611171725',53),(331,85,'나의 그룹 \"윤상진그룹\"에 신청하셨습니다.','201611041740','',NULL,85),(332,85,'그룹 \"윤상진그룹\"에 대한 신청을 승인하셨습니다.','201611041741','',NULL,85),(333,77,'나의 게시물 \"스케치1\"에 좋아요를 남겼습니다.','201611072138','','201611161408',77),(334,77,'나의 게시물 \"스케치1\"에 댓글을 남겼습니다.','201611072138','','201611161408',77),(335,77,'나의 게시물 \"레드2\"에 댓글을 남겼습니다.','201611072138','','201611161408',77),(336,53,'나의 게시물 \"FB계정의 첫 작품\"을 300포인트로 구매하셨습니다.','201611081809','','201611171725',87),(337,38,'나의 게시물 \"작품-송1\"에 좋아요를 남겼습니다.','201611151139','','201611171740',53),(338,77,'나의 게시물 \"소스코드3\"에 좋아요를 남겼습니다.','201611151143','','201611161408',53),(339,53,'나의 게시물 \"FB계정의 첫 작품\"에 좋아요를 남겼습니다.','201611151144','','201611171725',53),(340,66,'나의 게시물 \"sdfgsdfgsdfg\"에 좋아요를 남겼습니다.','201611151552','',NULL,53),(341,38,'나의 게시물 \"mytest\"에 좋아요를 남겼습니다.','201611151602','','201611171740',88),(342,62,'나의 게시물 \"정통-한복에서-모티브를-따온-의상디자인\"에 좋아요를 남겼습니다.','201611151602','','201611171700',88),(343,62,'나의 게시물 \"정통-한복에서-모티브를-따온-의상디자인\"에 좋아요를 남겼습니다.','201611151602','','201611171700',88),(344,90,'나의 게시물 \"ㅁㄴㅇㄹ333\"에 댓글을 남겼습니다.','201611152059','','201611152151',90),(345,90,'나의 게시물 \"ㅁㄴㅇ\"에 댓글을 남겼습니다.','201611152059','','201611152151',90),(346,85,'나의 게시물 \"디자인 의뢰 합니다.\"에 댓글을 남겼습니다.','201611152059','',NULL,90),(347,38,'나의 게시물 \"작품-송2\"을 100포인트로 구매하셨습니다.','201611152105','','201611171740',90),(348,53,'나의 게시물 \"FB계정의 첫 작품\"을 300포인트로 구매하셨습니다.','201611152106','','201611171725',90),(349,42,'나의 게시물 \"ㅏ\"에 댓글을 남겼습니다.','201611152107','',NULL,90),(350,42,'나의 게시물 \"ㅏ\"에 댓글을 남겼습니다.','201611152107','',NULL,90),(351,42,'나의 게시물 \"ㅏ\"에 댓글을 남겼습니다.','201611152107','',NULL,90),(352,90,'나의 게시물 \"ㅁㄴㅇㅁㄴㅇ\"에 댓글을 남겼습니다.','201611152112','','201611152151',90),(353,77,'나의 게시물 \"주황주황\"을 2포인트로 구매하셨습니다.','201611152116','','201611161408',90),(354,77,'나의 게시물 \"경시대회\"을 4포인트로 구매하셨습니다.','201611152117','','201611161408',90),(355,77,'나의 게시물 \"색깔\"을 7포인트로 구매하셨습니다.','201611152117','','201611161408',90),(356,77,'나의 게시물 \"라\"을 20포인트로 구매하셨습니다.','201611152117','','201611161408',90),(357,72,'나의 게시물 \"테스테스테스트 작푸우우우우우므ㅡㅡㅡㅡㅡㅡㅡ\"을 10포인트로 구매하셨습니다.','201611152117','',NULL,90),(358,68,'나의 게시물 \"가느다란 물방울\"을 5000포인트로 구매하셨습니다.','201611152117','',NULL,90),(359,68,'나의 게시물 \"ㅇㅅㅇ\"을 321포인트로 구매하셨습니다.','201611152118','',NULL,90),(360,90,'나의 게시물 \"ㄱㄱ\"에 댓글을 남겼습니다.','201611152135','','201611152151',90),(361,90,'나의 게시물 \"ㄱㄱ\"에 댓글을 남겼습니다.','201611152136','','201611152151',90),(362,90,'나의 게시물 \"ㅁㄴㅇㅁㄴㅇㅁㄴㅇㅁㄴㅇㅁㄴㅇㅁㄴㅇㅁㄴㅇㅁㄴㅇㅁㄴㅇㅁㄴㅇㅁㄴㅇㅁㄴㅇㅁㄴㅇㅁ\"에 댓글을 남겼습니다.','201611152138','','201611152151',90),(363,90,'나의 게시물 \"ㅁㄴㅇㅁㄴㅇㅁㄴㅇㅁㄴㅇㅁㄴㅇㅁㄴㅇㅁㄴㅇㅁㄴㅇㅁㄴㅇㅁㄴㅇㅁㄴㅇㅁㄴㅇㅁㄴㅇㅁ\"에 댓글을 남겼습니다.','201611152138','','201611152151',90),(364,62,'나의 게시물 \"정통-한복에서-모티브를-따온-의상디자인\"에 댓글을 남겼습니다.','201611171637','','201611171700',40),(365,62,'나의 게시물 \"정통-한복에서-모티브를-따온-의상디자인\"에 좋아요를 남겼습니다.','201611171638','','201611171700',40),(366,62,'나의 게시물 \"정통-한복에서-모티브를-따온-의상디자인\"에 좋아요를 남겼습니다.','201611171639','','201611171700',40),(367,62,'나의 게시물 \"정통-한복에서-모티브를-따온-의상디자인\"에 좋아요를 남겼습니다.','201611171639','','201611171700',40),(368,62,'나의 게시물 \"My Dorothy3\"에 좋아요를 남겼습니다.','201611171640','','201611171700',40),(369,38,'나의 게시물 \"mytest\"에 댓글을 남겼습니다.','201611171653','','201611171740',62),(370,72,'나의 게시물 \"테스테스테스트 작푸우우우우우므ㅡㅡㅡㅡㅡㅡㅡ\"에 좋아요를 남겼습니다.','201611171728','',NULL,53),(371,53,'나의 게시물 \"나의작품\"에 좋아요를 남겼습니다.','201611180928','',NULL,53);

/*Table structure for table `t_category` */

DROP TABLE IF EXISTS `t_category`;

CREATE TABLE `t_category` (
  `category_code` varchar(9) COLLATE utf8_bin NOT NULL COMMENT '카테고리코드',
  `depth` int(11) DEFAULT NULL COMMENT '뎁스',
  `category_name` varchar(50) COLLATE utf8_bin DEFAULT NULL COMMENT '카테고리명',
  PRIMARY KEY (`category_code`)
) ENGINE=InnoDB DEFAULT CHARSET=utf8 COLLATE=utf8_bin;

/*Data for the table `t_category` */

insert  into `t_category`(`category_code`,`depth`,`category_name`) values ('*',0,'전체'),('001',1,'의상'),('001001',2,'전통'),('001001001',3,'한복'),('001001002',3,'중국'),('001001003',3,'일본'),('001001004',3,'동양'),('001001005',3,'서양'),('001002',2,'남성복'),('001003',2,'여성복'),('001004',2,'아동복'),('001005',2,'패션잡화'),('001005001',3,'속옷'),('001005002',3,'모자'),('001005003',3,'장갑'),('001005004',3,'양말'),('001005005',3,'신발'),('001006',2,'액세서리'),('002',1,'산업'),('002001',2,'기계'),('002002',2,'기기/기구'),('002002001',3,'컴퓨터/통신'),('002002002',3,'가전'),('002002003',3,'가구'),('002002004',3,'완구'),('002003',2,'자동차/운송'),('002004',2,'로봇'),('002005',2,'식품'),('003',1,'시각'),('003001',2,'그래픽'),('003002',2,'영상'),('003003',2,'동영상'),('003004',2,'광고'),('003005',2,'포장'),('003006',2,'캐릭터'),('003007',2,'서체'),('004',1,'공예'),('004001',2,'금속'),('004002',2,'도자'),('004003',2,'목공예'),('004004',2,'수공예'),('004005',2,'유리'),('005',1,'공간'),('005001',2,'건축'),('005002',2,'인테리어'),('005003',2,'무대'),('005004',2,'도시/환경'),('006',1,'정보'),('006001',2,'경험/인터렉션'),('006002',2,'인터페이스'),('006003',2,'웹'),('006004',2,'게임'),('006005',2,'소리/음악'),('006006',2,'음식/요리법'),('007',1,'자연'),('007001',2,'동물'),('007002',2,'식물'),('007003',2,'지구'),('007004',2,'우주'),('007005',2,'디자인의 역사'),('008',1,'새분야');

/*Table structure for table `t_design_preview_image` */

DROP TABLE IF EXISTS `t_design_preview_image`;

CREATE TABLE `t_design_preview_image` (
  `design_work_seq` int(11) DEFAULT NULL COMMENT '작품seq',
  `seq` int(11) NOT NULL AUTO_INCREMENT COMMENT 'seq',
  `file_uri` varchar(200) COLLATE utf8_bin DEFAULT NULL COMMENT '이미지URL',
  `filename` varchar(200) COLLATE utf8_bin DEFAULT NULL COMMENT '파일명',
  PRIMARY KEY (`seq`),
  KEY `design_work_seq` (`design_work_seq`)
) ENGINE=InnoDB AUTO_INCREMENT=115 DEFAULT CHARSET=utf8 COLLATE=utf8_bin;

/*Data for the table `t_design_preview_image` */

insert  into `t_design_preview_image`(`design_work_seq`,`seq`,`file_uri`,`filename`) values (7,2,'/resources/km_upload/product/01e7d4f1-134d-4302-88f5-e509171c08de.jpg','test.jpg'),(8,3,'/resources/km_upload/product/0296c8c5-ff94-4160-baed-c9e412041d2b.jpg','soa_1.jpg'),(9,4,'/resources/km_upload/product/bedb317a-57cd-4b77-ab15-b1f6bc1dfef1.jpg','test.jpg'),(10,6,'/resources/km_upload/product/0c49617c-1967-410e-8e65-ea71ac66f296.jpg','img_detail1.jpg'),(10,7,'/resources/km_upload/product/7f30e806-8429-47df-b436-5195dbb40172.jpg','img_detail2.jpg'),(11,8,'/resources/km_upload/product/d63b54a1-9faa-45d9-88ef-4bf86ec7bc34.jpg','img_detail1.jpg'),(11,9,'/resources/km_upload/product/1c2bd743-8300-4555-b517-a0a174287775.jpg','img_detail2.jpg'),(12,10,'/resources/km_upload/product/f6a91ab1-195c-4896-97a0-a2dc502d482d.jpg','img_detail1.jpg'),(12,11,'/resources/km_upload/product/6baa18b5-08fa-4a96-87b4-7d5475346452.jpg','img_detail2.jpg'),(13,12,'/resources/km_upload/product/58e0adad-ca88-4809-b8f1-c29d8358bc7d.jpg','img_detail1.jpg'),(13,13,'/resources/km_upload/product/cc2efa03-12e4-4fbd-9cd7-5430d8f72fb8.jpg','img_detail2.jpg'),(14,14,'/resources/km_upload/product/e4c66f26-d77c-4728-9086-3c9d8a3738aa.jpg','img_detail1.jpg'),(14,15,'/resources/km_upload/product/9b5ad3de-19b4-47e8-891c-a033f50f0e2e.jpg','img_detail2.jpg'),(15,16,'/resources/km_upload/product/7e90b846-1175-402c-a103-892400bdbe3f.jpg','img_detail1.jpg'),(15,17,'/resources/km_upload/product/e66f239f-977d-454e-8aa8-07806a0b4787.jpg','img_detail2.jpg'),(16,18,'/resources/km_upload/product/c57dd57b-9b21-453d-9e0e-a1c9d38510a3.jpg','img_detail1.jpg'),(16,19,'/resources/km_upload/product/37c0d899-9331-4e61-81c9-36cc32c9d25f.jpg','img_detail2.jpg'),(17,20,'/resources/km_upload/product/fc9fd625-f76d-4f3f-b8fc-a665c4560a5e.jpg','img_detail1.jpg'),(17,21,'/resources/km_upload/product/4cbe422a-6c3f-4e31-9d0d-d0b654f4eea7.jpg','img_detail2.jpg'),(18,22,'/resources/km_upload/product/f7b88b26-6444-4e9d-8d45-66515cd5c60d.jpg','img_detail1.jpg'),(18,23,'/resources/km_upload/product/a3e4ed90-3c51-47d6-b16d-9e44e241e46e.jpg','img_detail2.jpg'),(19,24,'/resources/km_upload/product/e8a6f5c8-897a-438e-add6-f29950a911b7.jpg','img_detail1.jpg'),(19,25,'/resources/km_upload/product/183b55d5-93d4-4c07-8c40-2a6d9a371da3.jpg','img_detail2.jpg'),(20,26,'/resources/km_upload/product/5b55dc91-c576-418e-82ee-6b8432d67d92.jpg','img_detail1.jpg'),(20,27,'/resources/km_upload/product/19bae507-51d5-4abb-9c54-52e77d738ab5.jpg','img_detail2.jpg'),(21,28,'/resources/km_upload/product/6fa72ccd-9fbe-4b85-9e4c-57dab5682aab.jpg','img_detail1.jpg'),(21,29,'/resources/km_upload/product/0dacbd4f-feff-4ea6-b484-1f4b35b5d9e7.jpg','img_detail2.jpg'),(22,30,'/resources/km_upload/product/c18f5513-f6d3-4f99-b24f-a5d3c4ea1128.jpg','img_detail1.jpg'),(22,31,'/resources/km_upload/product/9cfc5eaf-a431-41df-a10e-5d9ec2a610ca.jpg','img_detail2.jpg'),(23,32,'/resources/km_upload/product/fd86f145-b56b-4cac-9d8c-ddf3ba4ae527.jpg','img_detail1.jpg'),(23,33,'/resources/km_upload/product/e3666723-c06c-4ba7-9fb5-85c23708b225.jpg','img_detail2.jpg'),(24,34,'/resources/km_upload/product/32f7bd6c-8059-49bb-b641-cb4713a1521a.jpg','img_detail1.jpg'),(24,35,'/resources/km_upload/product/efc24e10-5aaa-46f5-81e4-86c1824544cd.jpg','img_detail2.jpg'),(25,36,'/resources/km_upload/product/3fe8316e-51da-49e4-bbf1-e4ba4c3b9556.jpg','img_detail1.jpg'),(25,37,'/resources/km_upload/product/28595097-2164-42c4-9ca4-fbaa65f4e6bb.jpg','img_detail2.jpg'),(26,38,'/resources/km_upload/product/27e44405-3329-4ee1-9f52-b404c1a922bc.PNG','해상도.PNG'),(27,39,'/resources/km_upload/product/fd178527-ce3c-4f18-9b24-bd828b064c9c.jpg','배경B (2).jpg'),(27,40,'/resources/km_upload/product/9a3231e5-82c8-4308-9013-ce63c293aa06.jpg','배경B (3).jpg'),(26,41,'/resources/km_upload/product/231d5a80-a4d2-4080-910a-7dd4624176fd.JPG','배경B (11).JPG'),(26,42,'/resources/km_upload/product/0e6e1f15-8544-4c99-8943-d79f9494d426.jpg','배경B (14).jpg'),(30,43,'/resources/km_upload/product/3a9eaa00-ecf9-4bd4-b2a6-237b481c1e14.png','character.png'),(30,44,'/resources/km_upload/product/97be6311-672c-49cc-94c5-b6dc978bc9b5.PNG','character2.PNG'),(30,45,'/resources/km_upload/product/4a7ab90f-49e3-4846-aba0-8aa105d9abf2.png','move.png'),(32,46,'/resources/km_upload/product/cf5def49-478d-4c3e-8d14-a25b970536fe.png','eye1png.png'),(32,47,'/resources/km_upload/product/a7475ac2-6b20-4dc3-8515-148dd5e90798.png','lips2png.png'),(32,48,'/resources/km_upload/product/135aeb2f-f681-411a-846b-31c8b1956be1.png','lips4png.png'),(33,49,'/resources/km_upload/product/a3f4d694-09fc-4bfd-9049-0a018cc0c1a5.png','디자이너제작자.png'),(33,50,'/resources/km_upload/product/0a786760-6e83-4bde-a728-657dc6828a4c.png','디자이너제작자.png'),(34,51,'/resources/km_upload/product/798deff3-3343-482e-be1a-af37ddfcb63c.png','위치.png'),(35,52,'/resources/km_upload/product/6f775214-fee3-4706-b414-d07557c78089.png','디자이너위치.png'),(36,53,'/resources/km_upload/product/807f9f4a-62d9-4497-a205-8f2c74b2aa95.png','디자이너이름클릭.png'),(27,54,'/resources/km_upload/product/02d33477-91d4-4eaf-b4da-f57b5650a4e3.pdf','eBrain 자문위원 _ OKKY 위촉장 초안.pdf'),(37,55,'/resources/km_upload/product/c3424f4e-d65b-40b5-b71d-de9686532e3d.png','스크린샷 2016-10-26 오후 6.46.02.png'),(37,56,'/resources/km_upload/product/a3ff72fe-a93f-4cca-9f99-0ef741c1c8bb.png','스크린샷 2016-10-26 오후 6.46.09.png'),(38,57,'/resources/km_upload/product/e34a1b57-9b70-41eb-af7e-c5d564f232f0.png','스크린샷 2016-10-26 오후 6.50.41.png'),(38,58,'/resources/km_upload/product/3c348e62-d7f1-4fbc-8e47-e61b8fbc857e.png','스크린샷 2016-10-26 오후 6.50.48.png'),(38,59,'/resources/km_upload/product/8436d4d5-c5c0-4134-a572-c85159b0e945.png','스크린샷 2016-10-26 오후 6.50.54.png'),(39,60,'/resources/km_upload/product/f0e2c1cf-044f-4e5b-88e4-ba11946acfe8.png','스크린샷 2016-10-26 오후 7.10.20.png'),(39,61,'/resources/km_upload/product/225866c3-3e74-4dc3-9808-b22b0d7903fb.png','스크린샷 2016-10-26 오후 7.png'),(40,62,'/resources/km_upload/product/eccf3d46-79cc-4cda-9866-7599ed388857.png','스크린샷 2016-10-26 오후 8.03.19.png'),(40,63,'/resources/km_upload/product/12eafeee-4452-4b5c-b8e8-1a828fe07dae.png','스크린샷 2016-10-26 오후 8.03.25.png'),(40,64,'/resources/km_upload/product/e9997c2e-36a0-4979-9dc5-38110efb97a8.png','스크린샷 2016-10-26 오후 8.03.32.png'),(41,65,'/resources/km_upload/product/418deb96-d5e6-4a3c-9f70-7acc05da6e15.png','스크린샷 2016-10-26 오후 8.12.20.png'),(42,66,'/resources/km_upload/product/5e25efa3-4d85-479b-9a19-12cc95979d43.png','스크린샷 2016-10-26 오후 8.18.04.png'),(42,67,'/resources/km_upload/product/1953dc9a-d9c4-4f07-88f4-4d064b72766a.png','스크린샷 2016-10-26 오후 8.18.09.png'),(43,68,'/resources/km_upload/product/b9d341f7-ca0c-45a0-94ba-3272135f9dbb.jpg','1.jpg'),(44,69,'/resources/km_upload/product/9ea80698-3da4-4f06-b48d-e06b9dbe6d5f.jpg','2.jpg'),(45,70,'/resources/km_upload/product/eca5197f-bf86-463c-a5f0-c80646963137.jpg','3.jpg'),(46,71,'/resources/km_upload/product/075e24a0-8e35-4aa9-b6ee-8feb29acb14b.png','스크린샷 2016-10-26 오후 8.22.05.png'),(47,72,'/resources/km_upload/product/00a91278-8465-415d-b60a-9bf23b6d15d5.jpg','1.jpg'),(48,73,'/resources/km_upload/product/5a34527b-2915-4085-a5c9-636bc3070d84.png','스크린샷 2016-10-26 오후 8.25.44.png'),(48,74,'/resources/km_upload/product/1c143ce4-ed02-4806-a2ba-f04c186c62e9.png','스크린샷 2016-10-26 오후 8.25.51.png'),(49,76,'/resources/km_upload/product/96469a8f-b6e7-47d0-ba82-ab943ca9f900.jpg','3.jpg'),(50,77,'/resources/km_upload/product/2b1e2f0a-8b73-4cdf-8365-898730e7728d.jpg','1.jpg'),(51,78,'/resources/km_upload/product/29936674-4862-40eb-b186-595bab2076f5.jpg','2.jpg'),(53,80,'/resources/km_upload/product/300ec5ee-2f27-4ab1-88c3-662e5eb79eef.png','스크린샷 2016-10-26 오후 8.35.44.png'),(53,81,'/resources/km_upload/product/9c5f826d-36f8-41e2-82ea-4827dcbf4f69.png','스크린샷 2016-10-26 오후 8.35.39.png'),(52,82,'/resources/km_upload/product/14aff54b-c26b-4cde-a0b4-d6b7d2272aec.jpg','3.jpg'),(54,83,'/resources/km_upload/product/e73d2a40-29ff-4e8c-baad-f2e7eb7dd3d4.jpg','4.jpg'),(55,84,'/resources/km_upload/product/2e2c18c6-9e3b-4d7a-b42e-3ec52a32d2fc.png','스크린샷 2016-10-26 오후 8.42.19.png'),(55,85,'/resources/km_upload/product/77369ff3-8d7d-4c9b-abdd-665276ed7c83.png','스크린샷 2016-10-26 오후 8.42.24.png'),(55,86,'/resources/km_upload/product/83eccb2f-2c55-47fe-abca-9676326efcba.png','스크린샷 2016-10-26 오후 8.42.28.png'),(55,87,'/resources/km_upload/product/45ae7dd4-fcbd-4e0a-886d-fb1008ac7402.png','스크린샷 2016-10-26 오후 8.42.33.png'),(56,88,'/resources/km_upload/product/daad271a-2e97-43f8-835a-66c778b6c33a.jpg','1.jpg'),(57,89,'/resources/km_upload/product/c389cea3-99d1-4ce8-8c01-4cc8c5d07a9e.jpg','1.jpg'),(59,91,'/resources/km_upload/product/ebe724b1-4750-447c-ae0c-d7b244b7b502.jpg','3.jpg'),(58,92,'/resources/km_upload/product/23ba62c2-282b-43cf-b40e-cb3e2446dffa.jpg','4.jpg'),(60,93,'/resources/km_upload/product/cc9a6e31-4382-465f-a90f-0ec408702edf.jpg','배경B (29).jpg'),(64,94,'/resources/km_upload/product/593f9d26-8a29-4b7c-ac65-c894c9e856ff.jpg','test_suit.jpg'),(64,95,'/resources/km_upload/product/626b7099-3ec6-49c1-84c3-36e5a3776ae0.jpg','P0000039_OKO_3230-2-1.jpg'),(64,96,'/resources/km_upload/product/5a1ffedc-9e0a-4a1c-bb4e-d05b617c98aa.jpg','RO51410221_w1000_h0.jpg'),(66,97,'/resources/km_upload/product/d09988e9-601c-4bf6-8ce1-371d27664fbc.jpg','배경B (36).jpg'),(66,98,'/resources/km_upload/product/42f959a3-8592-4222-a26d-8739bc9198af.psd','2015_q4_805x149.psd'),(66,99,'/resources/km_upload/product/ef01df61-bada-4e44-819d-cd3439f1b297.psd','2015_q4_160x230.psd'),(66,100,'/resources/km_upload/product/69658fcd-e81a-4efd-a54c-834b48fcf8ff.gif','2015_q4_805x149.gif'),(66,101,'/resources/km_upload/product/e5882170-bfb5-40c9-89e7-a750a7735757.gif','2015_q4_160x230.gif'),(81,102,'/resources/km_upload/product/bf59c9ed-b34e-4885-838e-1990e5fbd62b.zip','알고리즘2016-Homework-2.zip'),(77,103,'/resources/km_upload/product/ac46d532-c457-4740-96dc-1068af094ceb.jpg','테스트리트리버.jpg'),(77,104,'/resources/km_upload/product/47b41290-570c-48f4-a2ca-95612c323abe.jpg','테스트리트리버.jpg'),(77,105,'/resources/km_upload/product/c2cbf45f-8801-4d6c-abf1-4aa394a83bb2.jpg','테스트리트리버.jpg'),(77,106,'/resources/km_upload/product/109ae665-d005-4c0b-8c42-a7e88422b402.jpg','ㅏㅏㅏㅏㅏㅏㅏㅏㅏㅏㅏㅏㅏㅏㅏㅏㅏㅏㅏㅏㅏㅏㅏㅏㅏㅏㅏㅏㅏㅏㅏㅏㅏㅏㅏㅏㅏㅏㅏㅏㅏㅏㅏㅏㅏㅏㅏㅏㅏㅏㅏㅏㅏㅏㅏㅏㅏㅏㅏㅏㅏㅏㅏㅏㅏㅏㅏㅏㅏㅏㅏㅏㅏㅏㅏㅏㅏㅏㅏㅏㅏㅏㅏㅏㅏㅏㅏㅏㅏㅏㅏㅏㅏ.jpg'),(82,107,'/resources/km_upload/product/a6ea9463-06dd-4257-ade6-f435caff72ac.jpg','Sample-Rubber-Stamp-by-Stuart-Miles.jpg'),(83,108,'/resources/km_upload/product/b59611e3-9103-401a-81b6-913000dfc9ff.ini','Settings_v0.ini'),(83,109,'/resources/km_upload/product/c85bdce9-948d-4832-a05a-a36ea2ef2253.log','오버워치.log'),(86,110,'/resources/km_upload/product/52907a57-7c0f-40aa-82c9-bbca4d57e47d.jpg','Img0404_20151124173217_1.jpg'),(86,111,'/resources/km_upload/product/47e43a4c-70d0-4572-9a2a-a50b653b6218.docx','1.docx'),(87,112,'/resources/km_upload/product/f73132e2-41a2-4fb5-bd7e-8e421df6e075.xlsx','OpenDesign-joldo-check_20161030.xlsx'),(89,113,'/resources/km_upload/product/8a25de09-8e44-4ed9-a0d5-1269e2689e21.png','hide2.png'),(89,114,'/resources/km_upload/product/019b46f5-c956-4141-9066-e079d0cf272b.jpg','sn.jpg');

/*Table structure for table `t_design_work` */

DROP TABLE IF EXISTS `t_design_work`;

CREATE TABLE `t_design_work` (
  `seq` int(11) NOT NULL AUTO_INCREMENT COMMENT 'seq',
  `view_cnt` int(11) DEFAULT '0' COMMENT '조회수',
  `title` char(200) COLLATE utf8_bin DEFAULT NULL COMMENT '작품명',
  `license` varchar(3) COLLATE utf8_bin DEFAULT NULL COMMENT '라이센스',
  `point` int(11) DEFAULT NULL COMMENT '포인트',
  `thumb_uri` varchar(200) COLLATE utf8_bin DEFAULT NULL COMMENT '썸네일',
  `contents` varchar(1000) COLLATE utf8_bin DEFAULT NULL COMMENT '작품설명',
  `register_time` char(12) COLLATE utf8_bin DEFAULT NULL COMMENT '등록일시',
  `tags` varchar(200) COLLATE utf8_bin DEFAULT NULL COMMENT '테그',
  `member_seq` int(11) DEFAULT NULL COMMENT '회원seq',
  `update_time` char(12) COLLATE utf8_bin DEFAULT NULL COMMENT '수정일시',
  `del_flag` char(1) COLLATE utf8_bin DEFAULT 'N' COMMENT '삭제flag(Y,N)',
  PRIMARY KEY (`seq`),
  KEY `member_seq` (`member_seq`)
) ENGINE=InnoDB AUTO_INCREMENT=91 DEFAULT CHARSET=utf8 COLLATE=utf8_bin;

/*Data for the table `t_design_work` */

insert  into `t_design_work`(`seq`,`view_cnt`,`title`,`license`,`point`,`thumb_uri`,`contents`,`register_time`,`tags`,`member_seq`,`update_time`,`del_flag`) values (7,18,'작품-송1','111',100,'/resources/km_upload/product/ac22677c-16ee-47f6-9672-6e61d5c9441e.jpg','작품1','201609291612','|유형|',38,'201609291613','N'),(8,55,'작품-송2','111',100,'/resources/km_upload/product/da8ebd4e-dd20-4661-966a-04cf48a989e8.jpg','작품2','201609291614','|유행|',38,'201609291614','N'),(9,25,'송3','111',0,'/resources/km_upload/product/7d589c98-64a7-4961-ac0a-62bef06dc5b6.jpg','송3','201609291803','|의상|',36,'201609291803','N'),(10,9,'별빛이 흐르는','111',0,'/resources/km_upload/product/0297dbdd-e7d8-4a4b-8a1d-a36b36df2729.jpg','3D를 사용하여 댄서의 움직임을 이용하여 포토샵 프로그램 툴로 리터칭하여 마무리한 세련된 작품입니다. 작업파일은 오픈소스로도 올려놨으니 확인해 보세요','201609300931','|의상디자인|패션|3D|',51,'201609300932','N'),(11,2,'별빛이 흐르는','111',0,'/resources/km_upload/product/6ff936e4-971f-4b2b-b799-aef548a6dbf0.jpg','3D를 사용하여 댄서의 움직임을 이용하여 포토샵 프로그램 툴로 리터칭하여 마무리한 세련된 작품입니다. 작업파일은 오픈소스로도 올려놨으니 확인해 보세요','201609300935','|시각|자연|',51,'201609300935','N'),(12,8,'별빛이 흐르는','111',0,'/resources/km_upload/product/ed045144-1fe9-49c8-8cf0-90df0dc78dcf.jpg','3D를 사용하여 댄서의 움직임을 이용하여 포토샵 프로그램 툴로 리터칭하여 마무리한 세련된 작품입니다. 작업파일은 오픈소스로도 올려놨으니 확인해 보세요','201609300936','|공예|의상|',51,'201609300936','N'),(13,2,'별빛이 흐르는','111',0,'/resources/km_upload/product/53f66493-33df-4af3-a55f-995e2d6d61bd.jpg','3D를 사용하여 댄서의 움직임을 이용하여 포토샵 프로그램 툴로 리터칭하여 마무리한 세련된 작품입니다. 작업파일은 오픈소스로도 올려놨으니 확인해 보세요','201609300938','|정보|공예|',51,'201609300938','N'),(14,3,'별빛이 흐르는','111',0,'/resources/km_upload/product/b2901ec9-bf4f-46c2-a2ed-9b06a360f4fd.jpg','3D를 사용하여 댄서의 움직임을 이용하여 포토샵 프로그램 툴로 리터칭하여 마무리한 세련된 작품입니다. 작업파일은 오픈소스로도 올려놨으니 확인해 보세요','201609300939','|시각|의상디자인|',51,'201609300939','N'),(15,3,'별빛이 흐르는','111',100,'/resources/km_upload/product/af788444-3454-4e59-ab7b-450473556674.jpg','3D를 사용하여 댄서의 움직임을 이용하여 포토샵 프로그램 툴로 리터칭하여 마무리한 세련된 작품입니다. 작업파일은 오픈소스로도 올려놨으니 확인해 보세요','201609300940','|의상디자인|시각디자인|',51,'201609300940','N'),(16,10,'별빛이 흐르는','111',0,'/resources/km_upload/product/8b267390-b52b-4618-b9bd-f0a2aece1b14.jpg','3D를 사용하여 댄서의 움직임을 이용하여 포토샵 프로그램 툴로 리터칭하여 마무리한 세련된 작품입니다. 작업파일은 오픈소스로도 올려놨으니 확인해 보세요','201609300941','|디자인|공예|',51,'201609300941','N'),(17,3,'별빛이 흐르는','111',0,'/resources/km_upload/product/d4ed9c4f-d964-41e4-bffa-235400b287ee.jpg','3D를 사용하여 댄서의 움직임을 이용하여 포토샵 프로그램 툴로 리터칭하여 마무리한 세련된 작품입니다. 작업파일은 오픈소스로도 올려놨으니 확인해 보세요','201609300942','|산업디자인|시각디자인|',51,'201609300942','N'),(18,0,'별빛이 흐르는','111',0,'/resources/km_upload/product/f3b245b5-2769-4629-aa3a-b398c764d5a3.jpg','3D를 사용하여 댄서의 움직임을 이용하여 포토샵 프로그램 툴로 리터칭하여 마무리한 세련된 작품입니다. 작업파일은 오픈소스로도 올려놨으니 확인해 보세요','201609300944','|산업 디자인|',51,'201609300944','N'),(19,6,'별빛이 흐르는','111',0,'/resources/km_upload/product/9b5beecd-0ab9-42ad-8376-58535752254a.jpg','3D를 사용하여 댄서의 움직임을 이용하여 포토샵 프로그램 툴로 리터칭하여 마무리한 세련된 작품입니다. 작업파일은 오픈소스로도 올려놨으니 확인해 보세요','201609300945','|시각 디자인|공예|',51,'201609300945','N'),(20,2,'별빛이 흐르는','111',0,'/resources/km_upload/product/c3affc76-f59c-407c-ab02-43f407237bd6.jpg','3D를 사용하여 댄서의 움직임을 이용하여 포토샵 프로그램 툴로 리터칭하여 마무리한 세련된 작품입니다. 작업파일은 오픈소스로도 올려놨으니 확인해 보세요','201609300946','|의상 디자인|시각 디자인|',51,'201609300946','N'),(21,3,'별빛이 흐르는','111',0,'/resources/km_upload/product/bb1ce0e0-9752-4b0e-a373-d42ffa6b0bbe.jpg','3D를 사용하여 댄서의 움직임을 이용하여 포토샵 프로그램 툴로 리터칭하여 마무리한 세련된 작품입니다. 작업파일은 오픈소스로도 올려놨으니 확인해 보세요','201609300946','|공예|시각 디자인|',51,'201609300946','N'),(22,1,'별빛이 흐르는','111',0,'/resources/km_upload/product/25679e75-c984-473c-987d-96e61c087d94.jpg','3D를 사용하여 댄서의 움직임을 이용하여 포토샵 프로그램 툴로 리터칭하여 마무리한 세련된 작품입니다. 작업파일은 오픈소스로도 올려놨으니 확인해 보세요','201609300947','|의상 디자인|시각 디자인|',51,'201609300947','N'),(23,2,'별빛이 흐르는','111',0,'/resources/km_upload/product/ce5be697-5876-4967-b3de-d6ce54ac4908.jpg','3D를 사용하여 댄서의 움직임을 이용하여 포토샵 프로그램 툴로 리터칭하여 마무리한 세련된 작품입니다. 작업파일은 오픈소스로도 올려놨으니 확인해 보세요','201609300948','|의상 디자인|',51,'201609300948','N'),(24,44,'별빛이 흐르는','111',0,'/resources/km_upload/product/96ea2dbd-56c0-45ed-a3d5-07ebc85cbea1.jpg','3D를 사용하여 댄서의 움직임을 이용하여 포토샵 프로그램 툴로 리터칭하여 마무리한 세련된 작품입니다. 작업파일은 오픈소스로도 올려놨으니 확인해 보세요','201609300949','|시각 디자인|공예|',51,'201610252050','N'),(25,8,'별빛이 흐르는','111',0,'/resources/km_upload/product/d677f902-1021-48e8-ae99-27d24ccf8778.jpg','3D를 사용하여 댄서의 움직임을 이용하여 포토샵 프로그램 툴로 리터칭하여 마무리한 세련된 작품입니다. 작업파일은 오픈소스로도 올려놨으니 확인해 보세요','201609300949','|산업 디자인|',51,'201609300949','N'),(26,72,'ab','101',0,'/resources/km_upload/product/d4da4252-aec2-4089-a190-cac89d66feb1.jpg','123','201609301038','|zb wfekf rlwke|',41,'201610311411','N'),(27,101,'1234','111',0,'/resources/km_upload/product/2a90858d-9d9a-4031-8baf-7c6e2b9d5bb3.jpg','뮤','201609301038','|0123456789|0123456789;|',41,'201610242306','N'),(28,12,'1','111',0,'/resources/km_upload/product/838baff0-37f6-40f8-98d9-f9d7e5ac7fd1.jpg','test','201610111450','',42,'201610262016','N'),(29,3,'2','111',0,'/resources/km_upload/product/62de4c4f-bbfa-4389-9764-c95b4e0fda4c.jpg','test','201610111451','',42,'201610262015','N'),(30,4,'TEST1','111',0,'/resources/km_upload/product/91974cc3-d893-42af-a656-e8e93d1c6763.png','테스트입니다.123테스트입니다.123테스트입니다.123테스트입니다.123테스트입니다.123','201610111452','',44,'201610111452','N'),(31,11,'555','110',0,'/resources/km_upload/product/ebbb64d5-976f-4ff3-8aa9-4c40534cdf29.png','테스트입니다.','201610111453','',42,'201610262014','N'),(32,12,'TEST1','100',1000,'/resources/km_upload/product/8b7c5fc5-35fd-49ff-93dd-936180ac833c.png','1234567890123456789012345678901234567890123456789012345678901234567890123456789012345678901234567890123456789012345678901234567890123456789012345678901234567890123456789012345678901234567890123456789012345678901234567890123456789012345678901234567890123456789012345678901234567890123456789012345678901234567890123456789012345678901234567890123456789012345678901234567890123456789012345678901234567890123456789012345678901234567890123456789012345678901234567890123456789012345678901234567890123456789012345678901234567890123456789012345678901234567890123456789012345678901234567890123456789012345678901234567890123456789012345678901234567890123456789012345678901234567890123456789012345678901234567890123456789012345678901234567890123456789012345678901234567890123456789012345678901234567890123456789012345678901234567890123456789012345678901234567890123456789012345678901234567890123456789012345678901234567890123456789012345678901234567890123456789012345678901234567890123456789012345678901234567890','201610111455','|태그1|태그2|태그3|',44,'201610111455','N'),(33,1,'제작자,디자이너 메인','111',0,'/resources/km_upload/product/2c5825e7-c447-442a-9717-6e45312dbddd.png','','201610141922','',44,'201610141922','N'),(34,6,'위치로 소팅','111',0,'/resources/km_upload/product/d9d90213-476c-48d5-a88b-324c1f559bf6.png','','201610141930','',44,'201610141930','N'),(35,3,'디자이너 , 제작자의 위치 정보 표시','111',0,'/resources/km_upload/product/58f08424-9033-4d49-b16f-b82ca9c868be.png','','201610141937','',44,'201610141937','N'),(36,5,'디자이너클릭','111',0,'/resources/km_upload/product/a5b0401d-649f-4baf-8b4b-390a6ef1cc10.png','','201610141941','',44,'201610141941','N'),(37,30,'정통-한복에서-모티브를-따온-의상디자인','111',0,'/resources/km_upload/product/ad055be7-bdb3-4095-9acd-8be7cf3dc1b2.png','한복에서 모티브를 따온 현대적 의상디자인입니다.','201610261847','|의상|한복|',62,'201610261850','N'),(38,11,'마스터 프라이펜','111',0,'/resources/km_upload/product/aa615efc-d928-4b14-942c-33d74bc7f8ee.png','여러음식을 한번에 할 수 있는 마스터 프라이펜입니다.','201610261851','',62,'201610261851','N'),(39,18,'손톱깎이','111',0,'/resources/km_upload/product/05cddc33-8bdb-4615-b033-7b745cda1773.png','기존의 손톱깎이와 달리 금속을 사용하는 부분을 줄이고 손으로 쥐고 손톱을 깎을때의 그립감을 살려 디자인을 진행하였습니다.','201610261913','',62,'201610261913','N'),(40,3,'옷걸이','111',0,'/resources/km_upload/product/feac2f9d-ae54-4756-9b25-a69afa83399d.png','심플하고 관리가 편한 옷걸이입니다.','201610262005','',62,'201610262005','N'),(41,5,'유모차','111',0,'/resources/km_upload/product/0c856285-f4f4-4c5a-87c9-9ba884ff7e99.png','유모차, 자전거, 쇼핑카트로 지속적인 사용이 가능한 유모차입니다.','201610262013','',62,'201610262013','N'),(42,8,'칫솔','111',0,'/resources/km_upload/product/d50f56e2-868b-4df7-a382-1aa14fa6175f.png','치약을 충전해서 사용하는 칫솔입니다.','201610262018','',62,'201610262018','N'),(43,4,'꽃','111',0,'/resources/km_upload/product/d333ecc2-88a9-4a72-936d-25ac49cbd000.jpg','꽃','201610262020','|꽃|',36,'201610262020','N'),(44,6,'꽃2','111',0,'/resources/km_upload/product/70bc4320-6942-4fea-a605-9184a01aee8e.jpg','꽃2','201610262021','|꽃|',36,'201610262021','N'),(45,6,'꽃','111',0,'/resources/km_upload/product/a901bbbb-fc43-4d31-b908-7bdfcefe4c09.jpg','꽃','201610262022','|꽃|',38,'201610262022','N'),(46,3,'연필꽂이','111',0,'/resources/km_upload/product/fc673c29-2c9c-481e-8bc1-53459736ab3b.png','고슴도치에서 따온 연필꽂이입니다.','201610262023','',62,'201610262023','N'),(47,23,'cat','111',0,'/resources/km_upload/product/eb93a8eb-e758-412d-989c-35af6d3fe0c8.jpg','cat','201610262024','|cat|',41,'201610262024','N'),(48,4,'무선 마우스','111',0,'/resources/km_upload/product/0c058d77-c902-4d2b-a47e-c6ac395aeebc.png','각 동물들의 특징을 꼬리로 표현한 무선 마우스입니다.','201610262027','',62,'201610262027','N'),(49,7,'cat2','111',0,'/resources/km_upload/product/f8cf9e5b-7ff1-464b-80e5-18c8dc537046.jpg','cat','201610262029','|cat|',43,'201610262030','N'),(50,4,'dog','111',0,'/resources/km_upload/product/23b38a5e-f61d-42ee-a127-43fc87a21ff1.jpg','dog','201610262031','|dog|',43,'201610262031','N'),(51,5,'dog2','111',0,'/resources/km_upload/product/69b41e21-b1eb-45f4-9e8a-fe375f03edfd.jpg','dog','201610262031','|dog|',43,'201610262031','N'),(52,21,'dog3','111',0,'/resources/km_upload/product/c8b287fa-8956-4bd5-935e-c37aed3c0ba5.jpg','dog','201610262036','|dog|',48,'201610262036','N'),(53,16,'화분','111',0,'/resources/km_upload/product/bc601f08-3b1f-45eb-be74-a25c4c8e23f3.png','난간에 사용할 수 있는 화분입니다.','201610262036','',62,'201610262036','N'),(54,12,'dog4','111',0,'/resources/km_upload/product/602a3292-ae4e-445f-b909-79c4db97e8e6.jpg','dog','201610262037','|dog|',48,'201610262037','N'),(55,53,'전기소켓','111',0,'/resources/km_upload/product/2b9cfd8a-9267-4e1c-a5e4-fe251bc11a1f.png','누르면 튀어나오는 전기소켓입니다.','201610262043','',62,'201610291705','N'),(56,1,'amiliya','111',0,'/resources/km_upload/product/8968554d-b414-44e9-8234-4e547ff0188a.jpg','amiliya','201610262044','|amiliya|',48,'201610242044','N'),(57,0,'leimu','111',0,'/resources/km_upload/product/8287c21e-61f2-4f14-9dd7-fe259948e268.jpg','leimu','201610262046','|leimu|',60,'201610242046','N'),(58,5,'leimu2','111',0,'/resources/km_upload/product/e6b3bdad-c007-4294-82f1-cfc34788414e.jpg','leimu','201610262046','|leimu|',60,'201610252047','N'),(59,3,'leimu3','111',0,'/resources/km_upload/product/ffda224e-d412-4f2f-add4-5a212b55bb52.jpg','leimu','201610262047','|leimu|',60,'201610252047','N'),(60,37,'배경','000',900,'/resources/km_upload/product/c7765c10-87a3-4dbe-9f22-072b6be93d3a.jpg','','201610271408','|바탕화면|',56,'201610271408','N'),(61,1,'한복','111',0,'/resources/km_upload/product/db4156c8-2b65-421a-b960-2d947ec9a512.png','','201610291035','|한복|',64,'201610291035','Y'),(62,10,'한복 디자인','111',0,'/resources/km_upload/product/6bcd2a04-16fd-4e1a-b752-b598287adef1.png','','201610291306','',64,'201610291306','Y'),(63,26,'한복 디자인','111',0,'/resources/km_upload/product/52a4b856-c2d3-45c9-a633-e8909008e220.png','','201610291307','',64,'201610291307','Y'),(64,25,'정장','101',400,'/resources/km_upload/product/9ca3ae23-e925-4c88-bde2-018e217a6842.jpg','작품 설명','201610302012','',53,'201610302344','Y'),(65,13,'ㅁㅁ','000',11233321,'/resources/km_upload/product/533670f3-eb5a-473e-a97c-b8988ac07c89.jpg','','201610312334','',43,'201610312334','N'),(66,50,'일이삼사오륙칠팔구십일이삼사오륙칠팔구십일이삼사오륙칠팔구십','111',0,'/resources/km_upload/product/5c33c82b-2de3-49de-b0cd-11af58fffe42.jpg','','201611012344','',41,'201611020000','N'),(67,3,'핸드폰오오좋아유','112',0,'/resources/km_upload/product/9fda9bc9-c03c-45a6-a8ef-117cd76e7d8e.jpg','','201611021833','|김김김김김김|',66,'201611021834','Y'),(68,4,'나나나노나노','111',0,'/resources/km_upload/product/9fed9acc-8eca-45b0-b3d8-1e654959b770.jpg','뜌뜌뜌ㅁㄴㅇ뜌뜌뜌뜌뜌뜌뜌뜌뜌뜌뜌뜌뜌뜌뜌뜌뜌뜌뜌뜌뜌뜌뜌뜌뜌뜌뜌뜌뜌뜌뜌뜌뜌뜌뜌뜌뜌뜌뜌뜌뜌뜌뜌뜌뜌뜌뜌뜌뜌뜌뜌뜌뜌뜌뜌뜌뜌뜌뜌뜌뜌뜌뜌뜌뜌뜌뜌뜌뜌뜌뜌뜌뜌뜌뜌ㅁㄴㅇㅁㄴㅇㅁㄴㅇ뜌뜌뜌뜌뜌뜌뜌뜌뜌뜌뜌뜌뜌뜌뜌뜌뜌뜌뜌뜌뜌뜌뜌뜌뜌뜌뜌뜌뜌뜌뜌뜌뜌뜌뜌뜌뜌뜌뜌뜌뜌뜌뜌뜌뜌뜌뜌뜌뜌뜌뜌뜌뜌뜌뜌뜌뜌뜌뜌뜌뜌뜌뜌뜌뜌뜌뜌뜌뜌뜌뜌뜌뜌뜌뜌뜌뜌뜌뜌뜌뜌뜌뜌뜌뜌뜌뜌뜌뜌뜌뜌뜌뜌뜌뜌뜌뜌뜌뜌뜌뜌뜌뜌뜌뜌뜌뜌뜌뜌뜌뜌뜌뜌뜌ㅁㄴㅇ뜌뜌뜌뜌뜌뜌뜌뜌뜌뜌뜌뜌뜌뜌뜌뜌뜌뜌뜌뜌뜌뜌뜌뜌뜌뜌뜌뜌뜌뜌뜌뜌뜌뜌뜌뜌뜌뜌뜌뜌뜌뜌뜌뜌뜌뜌뜌뜌뜌뜌뜌뜌뜌뜌뜌뜌뜌뜌뜌뜌뜌뜌뜌뜌뜌뜌뜌뜌뜌뜌뜌뜌뜌뜌뜌ㅁㄴㅇㅁㄴㅇㅁㄴㅇ뜌뜌뜌뜌뜌뜌뜌뜌뜌뜌뜌뜌뜌뜌뜌뜌뜌뜌뜌뜌뜌뜌뜌뜌뜌뜌뜌뜌뜌뜌뜌뜌뜌뜌뜌뜌뜌뜌뜌뜌뜌뜌뜌뜌뜌뜌뜌뜌뜌뜌뜌뜌뜌뜌뜌뜌뜌뜌뜌뜌뜌뜌뜌뜌뜌뜌뜌뜌뜌뜌뜌뜌뜌뜌뜌뜌뜌뜌뜌뜌뜌뜌뜌뜌뜌뜌뜌뜌뜌뜌뜌뜌뜌뜌뜌뜌뜌뜌뜌뜌뜌뜌뜌뜌뜌뜌뜌뜌뜌뜌뜌뜌뜌뜌ㅁㄴㅇ뜌뜌뜌뜌뜌뜌뜌뜌뜌뜌뜌뜌뜌뜌뜌뜌뜌뜌뜌뜌뜌뜌뜌뜌뜌뜌뜌뜌뜌뜌뜌뜌뜌뜌뜌뜌뜌뜌뜌뜌뜌뜌뜌뜌뜌뜌뜌뜌뜌뜌뜌뜌뜌뜌뜌뜌뜌뜌뜌뜌뜌뜌뜌뜌뜌뜌뜌뜌뜌뜌뜌뜌뜌뜌뜌ㅁㄴㅇㅁㄴㅇㅁㄴㅇ뜌뜌뜌뜌뜌뜌뜌뜌뜌뜌뜌뜌뜌뜌뜌뜌뜌뜌뜌뜌뜌뜌뜌뜌뜌뜌뜌뜌뜌뜌뜌뜌뜌뜌뜌뜌뜌뜌뜌뜌뜌뜌뜌뜌뜌뜌뜌뜌뜌뜌뜌뜌뜌뜌뜌뜌뜌뜌뜌뜌뜌뜌뜌뜌뜌뜌뜌뜌뜌뜌뜌뜌뜌뜌뜌뜌뜌뜌뜌뜌뜌뜌뜌뜌뜌뜌뜌뜌뜌뜌뜌뜌뜌뜌뜌뜌뜌뜌뜌뜌뜌뜌뜌뜌뜌뜌뜌뜌뜌뜌뜌뜌뜌뜌ㅁㄴㅇ뜌뜌뜌뜌뜌뜌뜌뜌뜌뜌뜌뜌뜌뜌뜌뜌뜌뜌뜌뜌뜌뜌뜌뜌뜌뜌뜌뜌뜌뜌뜌뜌뜌뜌뜌뜌뜌뜌뜌뜌뜌뜌뜌뜌뜌뜌뜌뜌뜌뜌뜌뜌뜌뜌뜌뜌뜌뜌뜌뜌뜌뜌뜌뜌뜌뜌뜌뜌뜌뜌뜌뜌뜌뜌뜌ㅁㄴㅇㅁㄴㅇㅁㄴㅇ뜌뜌뜌뜌뜌뜌뜌뜌뜌뜌뜌뜌뜌뜌뜌뜌뜌뜌뜌뜌뜌뜌뜌뜌뜌뜌뜌뜌뜌뜌뜌뜌뜌뜌뜌뜌뜌뜌뜌뜌뜌뜌뜌뜌뜌뜌뜌뜌뜌뜌뜌뜌뜌뜌뜌뜌뜌뜌뜌뜌뜌뜌뜌뜌뜌뜌뜌뜌뜌뜌뜌뜌뜌뜌뜌뜌뜌뜌뜌뜌뜌뜌뜌뜌뜌뜌뜌뜌뜌뜌뜌뜌뜌뜌뜌뜌뜌뜌뜌뜌뜌뜌뜌뜌뜌뜌뜌뜌뜌뜌뜌뜌뜌뜌ㅁㄴㅇ뜌뜌뜌뜌뜌뜌뜌뜌뜌뜌뜌뜌뜌뜌뜌뜌뜌뜌뜌뜌뜌뜌뜌뜌뜌뜌뜌뜌뜌뜌뜌뜌뜌뜌뜌뜌뜌뜌뜌뜌뜌뜌뜌뜌뜌뜌뜌뜌뜌뜌뜌뜌뜌뜌뜌뜌뜌뜌뜌뜌뜌뜌뜌뜌뜌뜌뜌뜌뜌뜌뜌뜌뜌뜌뜌ㅁㄴㅇㅁㄴㅇㅁㄴㅇ뜌뜌뜌뜌뜌뜌뜌뜌뜌뜌뜌뜌뜌뜌뜌뜌뜌뜌뜌뜌뜌뜌뜌뜌뜌뜌뜌뜌뜌뜌뜌뜌뜌뜌뜌뜌뜌뜌뜌뜌뜌뜌','201611021837','',66,'201611021837','N'),(69,7,'abcdefghijklmnopqrstuvwxyz','111',1,'/resources/km_upload/product/d1745d07-66e1-457a-8bff-76776df7d850.jpg','','201611021839','',77,'201611021839','N'),(70,6,'꾸꾸삐삐꾸삐','000',0,'/resources/km_upload/product/bc7ba5c2-b59f-4e55-b1c0-a43c5729ae9d.jpg','','201611021843','',66,'201611021843','N'),(71,3,'쀠띠띠우','111',0,'/resources/km_upload/product/b757901c-2ff9-4ce9-a076-17bf27b19455.jpg','','201611021844','',66,'201611021844','N'),(72,3,'뿌뿌띠뚜뚜삐','101',0,'/resources/km_upload/product/46a1c602-72b1-4ebf-8a12-1defbfc6f22b.jpg','','201611021844','',66,'201611021844','N'),(73,6,'쀼쀼','111',0,'/resources/km_upload/product/ba1f20cf-155d-4b49-b16c-83215c270727.png','','201611021844','',66,'201611021844','N'),(74,8,'ㅛ쇼숏교','111',0,'/resources/km_upload/product/57da511b-16f1-497a-81dd-2870c35f19bb.png','','201611021845','',66,'201611021845','N'),(75,18,'경시대회','101',4,'/resources/km_upload/product/3eeeb625-3373-47eb-accf-37a612c2e666.JPG','','201611021847','',77,'201611021847','N'),(76,4,'색깔','110',7,'/resources/km_upload/product/94226080-e02a-45f3-9bd4-68b4b713d76b.jpg','','201611021856','',77,'201611021856','N'),(77,80,'테스테스테스트 작푸우우우우우므ㅡㅡㅡㅡㅡㅡㅡ','111',10,'/resources/km_upload/product/5b1815ef-a73c-48d1-b74f-519ea9c61faa.jpg','ㅇ','201611021902','|가나다라마아|',72,'201611021944','N'),(78,1,'fine','101',3,'/resources/km_upload/product/c26d8156-e1b0-47ba-a801-ba0c7eced671.jpg','','201611021911','|white|black|blue|green|yellow|',77,'201611021911','N'),(79,1,'ㅎㅎ','101',100,'/resources/km_upload/product/9c5f4177-2d52-4391-8877-af5ba9072865.jpg','','201611021913','|아임|파인|땡큐|앤드|유|',77,'201611021913','N'),(80,4,'주황주황','111',2,'/resources/km_upload/product/310bc234-7b5c-4a50-a9ac-9b2fc512cfe6.JPG','','201611021918','|아임|파인|땡큐|앤드|유|',77,'201611021918','N'),(81,6,'라','111',20,'/resources/km_upload/product/ded6a0a4-ce7f-4452-b92e-77e1b00af551.JPG','','201611021923','',77,'201611021923','N'),(82,12,'가느다란 물방울','111',5000,'/resources/km_upload/product/e24528c4-b5fb-4457-87d4-88a6fc3657ad.jpg','ㅋㅇㅀㅇㅁ놓놓ㄴ롱ㅎㄴㅇㄻㅈㄴㄻㅈㅇㄻㅈㅇ','201611022001','',68,'201611022001','N'),(83,8,'ㅇㅅㅇ','111',321,'/resources/km_upload/product/7652bd62-dcc3-405b-8cd6-8562452d913d.jpg','ㅁㄴㅇㅁㄹㅈㅎ','201611022021','|이게뭐냐|뭐지|대체|뭐냐고|',68,'201611022021','N'),(84,16,'sdfgsdfgsdfg','111',0,'/resources/km_upload/product/46a6fde9-87d1-4a8c-b64e-7d4c5d6e6f4a.jpg','','201611022025','|sdfgsdfg|',66,'201611022025','N'),(85,9,'테스트요요요요요용','111',0,'/resources/km_upload/product/565e601b-bb9d-4c05-89a0-282026b05860.jpg','','201611022041','',72,'201611022041','N'),(86,37,'FB계정의 첫 작품','111',300,'/resources/km_upload/product/f014aa86-a929-4a11-a9c7-848b8bbce055.png','FB 계정의 첫 작품 입니다. 많은 애용 바랍니다.','201611041446','',53,'201611041447','N'),(87,10,'mytest','111',0,'/resources/km_upload/product/0b849a00-ecb1-46b7-adc8-aabe690435ee.jpg','','201611111100','',38,'201611111100','N'),(88,17,'ㅏ','111',0,'/resources/km_upload/product/4e75b875-eb2b-4f0f-8928-747d9d8601ac.jpg','','201611151352','',42,'201611151353','N'),(89,8,'ㄱㄱ','111',0,'/resources/km_upload/product/070af962-1467-4cd6-bab4-9ddd14094716.png','','201611152110','|wareable|Smartfashion|DYU|DIY|김김김김|',90,'201611152110','N'),(90,7,'ㅁㄴㅇㅁㄴㅇ','111',0,'/resources/km_upload/product/8df8e792-7701-4556-9325-46557dfbda99.jpg','ㄹㅇㅎ\r\nㄴㅇㅀㅎㅎㄹㅇㄶ\r\nㅇㄴㅀㅇㅀㄹㅇㅎ\r\nㄴㅇㅀㅎㅎㄹㅇㄶ\r\nㅇㄴㅀㅇㅀㄹㅇㅎ\r\nㄴㅇㅀㅎㅎㄹㅇㄶ\r\nㅇㄴㅀㅇㅀㄹㅇㅎ\r\nㄴㅇㅀㅎㅎㄹㅇㄶ\r\nㅇㄴㅀㅇㅀㄹㅇㅎ\r\nㄴㅇㅀㅎㅎㄹㅇㄶ\r\nㅇㄴㅀㅇㅀㄹㅇㅎ\r\nㄴㅇㅀㅎㅎㄹㅇㄶ\r\nㅇㄴㅀㅇㅀㄹㅇㅎ\r\nㄴㅇㅀㅎㅎㄹㅇㄶ\r\nㅇㄴㅀㅇㅀㄹㅇㅎ\r\nㄴㅇㅀㅎㅎㄹㅇㄶ\r\nㅇㄴㅀㅇㅀㄹㅇㅎ\r\nㄴㅇㅀㅎㅎㄹㅇㄶ\r\nㅇㄴㅀㅇㅀㄹㅇㅎ\r\nㄴㅇㅀㅎㅎㄹㅇㄶ\r\nㅇㄴㅀㅇㅀㄹㅇㅎ\r\nㄴㅇㅀㅎㅎㄹㅇㄶ\r\nㅇㄴㅀㅇㅀㄹㅇㅎ\r\nㄴㅇㅀㅎㅎㄹㅇㄶ\r\nㅇㄴㅀㅇㅀㄹㅇㅎ\r\nㄴㅇㅀㅎㅎㄹㅇㄶ\r\nㅇㄴㅀㅇㅀㄹㅇㅎ\r\nㄴㅇㅀㅎㅎㄹㅇㄶ\r\nㅇㄴㅀㅇㅀㄹㅇㅎ\r\nㄴㅇㅀㅎㅎㄹㅇㄶ\r\nㅇㄴㅀㅇㅀㄹㅇㅎ\r\nㄴㅇㅀㅎㅎㄹㅇㄶ\r\nㅇㄴㅀㅇㅀㄹㅇㅎ\r\nㄴㅇㅀㅎㅎㄹㅇㄶ\r\nㅇㄴㅀㅇㅀㄹㅇㅎ\r\nㄴㅇㅀㅎㅎㄹㅇㄶ\r\nㅇㄴㅀㅇㅀㄹㅇㅎ\r\nㄴㅇㅀㅎㅎㄹㅇㄶ1\r\nㅇㄴㅀㅇㅀ1','201611152111','|ㄴㅇㄻㄴㅇㄹ|ㅁㄴㅇ|ㄴㅁㅇㄹ|',90,'201611152111','N');

/*Table structure for table `t_design_work_category` */

DROP TABLE IF EXISTS `t_design_work_category`;

CREATE TABLE `t_design_work_category` (
  `design_work_seq` int(11) NOT NULL COMMENT '작품seq',
  `category_code` varchar(9) COLLATE utf8_bin NOT NULL COMMENT '카테고리 코드',
  `register_time` char(12) COLLATE utf8_bin DEFAULT NULL COMMENT '등록일시',
  PRIMARY KEY (`design_work_seq`,`category_code`)
) ENGINE=InnoDB DEFAULT CHARSET=utf8 COLLATE=utf8_bin;

/*Data for the table `t_design_work_category` */

insert  into `t_design_work_category`(`design_work_seq`,`category_code`,`register_time`) values (7,'001','201609291613'),(8,'001','201609291614'),(9,'001','201609291803'),(10,'001','201609300932'),(11,'003','201609300935'),(12,'001','201609300936'),(13,'001','201609300938'),(14,'001','201609300939'),(15,'001','201609300940'),(16,'003','201609300941'),(17,'002','201609300942'),(18,'002','201609300944'),(19,'003','201609300945'),(20,'001','201609300946'),(21,'003','201609300946'),(22,'001','201609300947'),(23,'001','201609300948'),(24,'001','201610262050'),(25,'002','201609300949'),(26,'001','201610311411'),(27,'006','201610242306'),(28,'001','201610262016'),(29,'001','201610262015'),(31,'001','201610262014'),(32,'001003','201610111455'),(37,'001','201610261850'),(38,'002','201610261851'),(39,'002','201610261913'),(40,'002','201610262005'),(41,'001','201610262013'),(42,'001','201610262018'),(43,'007','201610262020'),(44,'001','201610262021'),(45,'001','201610262022'),(46,'001','201610262023'),(47,'001','201610262024'),(48,'002','201610262027'),(49,'001','201610262030'),(50,'001','201610262031'),(51,'001','201610262031'),(52,'001','201610262036'),(53,'001','201610262036'),(54,'001','201610262037'),(55,'001','201610291705'),(56,'001','201610262044'),(57,'001','201610262046'),(58,'001','201610262047'),(59,'001','201610262047'),(60,'003001','201610271408'),(61,'001001001','201610291035'),(62,'001001001','201610291306'),(63,'001001001','201610291307'),(64,'001','201610302344'),(65,'001','201610312334'),(66,'001','201611020000'),(67,'001','201611021834'),(68,'001','201611021837'),(69,'001','201611021839'),(70,'001','201611021843'),(71,'001','201611021844'),(72,'001','201611021844'),(73,'001','201611021844'),(74,'001','201611021845'),(75,'006','201611021847'),(76,'004002','201611021856'),(77,'001','201611021944'),(78,'002','201611021911'),(79,'007002','201611021913'),(80,'003003','201611021918'),(81,'004','201611021923'),(82,'002004','201611022001'),(83,'002004','201611022021'),(84,'001','201611022025'),(85,'001','201611022041'),(86,'004','201611041447'),(87,'001','201611111100'),(88,'001002','201611151353'),(89,'004','201611152110'),(90,'002','201611152111');

/*Table structure for table `t_design_work_comment` */

DROP TABLE IF EXISTS `t_design_work_comment`;

CREATE TABLE `t_design_work_comment` (
  `seq` int(11) NOT NULL AUTO_INCREMENT COMMENT '작품댓글seq',
  `design_work_seq` int(11) DEFAULT NULL COMMENT '작품seq',
  `member_seq` int(11) DEFAULT NULL COMMENT '회원seq',
  `contents` varchar(3000) COLLATE utf8_bin DEFAULT NULL COMMENT '내용',
  `register_time` char(12) COLLATE utf8_bin DEFAULT NULL COMMENT '등록일시',
  PRIMARY KEY (`seq`),
  KEY `design_work_seq` (`design_work_seq`)
) ENGINE=InnoDB AUTO_INCREMENT=68 DEFAULT CHARSET=utf8 COLLATE=utf8_bin;

/*Data for the table `t_design_work_comment` */

insert  into `t_design_work_comment`(`seq`,`design_work_seq`,`member_seq`,`contents`,`register_time`) values (2,8,36,'good job','201609291615'),(3,24,41,'...','201609301010'),(4,8,51,'good job 2','201609301012'),(5,25,41,'good','201609301033'),(6,26,41,'123456789012345678901234567890123456789012345678901234567890123456789012345678901234567890123456789012345678901234567890','201609301041'),(7,26,41,'12345678901234567890','201609301041'),(8,26,41,'12345678901234567890','201609301041'),(9,27,41,'123456789012345678901234567890123456789012345678901234567890','201609301042'),(10,27,41,'1234567890\r\n1234567890\r\n1234567890\r\n1234567890\r\n','201609301042'),(11,24,51,'너무 좋습니다.','201609301101'),(12,27,41,'1234567890123456789012345678901234567890123456789012345678901234567890123456789012345678901234567890','201610182316'),(13,27,41,'1234567890123456789012345678901234567890123456789012345678901234567890','201610182316'),(14,27,41,'1234567890123456789012345678901234567890123456789012345678901234567890123456789012345678901234567890123456789012345678901234567890123456789012345678901234567890123456789012345678901234567890123456789012345678901234567890123456789012345678901234567890123456789012345678901234567890123456789012345678901234567890123456789012345678901234567890123456789012345678901234567890123456789012345678901234567890','201610182316'),(15,27,41,'000','201610242308'),(16,27,41,'ㅁㅁㅁ','201610242308'),(17,27,41,'ㅁ12333333333333333333333333333333333333333333333333333333333333333333333333333333333333333333333333333333333333333333333333333333333333333333333333333333333333333333333333333333333333333333333333333333333333333333333333333333333333333333333333333333333333333333333333333333333333333333333333333333333333333333333333333333333333333333333333333333333333333333333333333333333333333333333333333333333333333333333333333333333333333333333333333333333333333333333333','201610242308'),(18,27,41,'3333333333333333333333333333333333333333333333333333333333333333333333333333333333333333333333333333333333333333333333333333333333333333333333333333333333333333333333333333333333333333333333333333333333333333333333333333333333333333333333333333333333333333333333333333333333333333333333333333333333333333333333333333333333333333333333333333333333333333333333333333333333333333333333333333333333333333333333333333333333333333333333333333333333333333333333333333333333333333333333333333333333333333333333333333333333333333333333333333333333333333333333333333333333333333333333333333333333333333333333333333333333333333333333333333333333333333333333333333333333333333333333333333333333333333333333333333333333333333333333333333333333333333333333333333333333333333','201610242308'),(19,27,41,'333333333333333333333333333333333333333333333333333333333333333333333333333333333333333333333333333333333333333333333333','201610242308'),(20,27,41,'3333333333333333333333333333333333333333','201610242308'),(21,60,36,'ddddd','201610291433'),(22,7,53,'테스트 댓글테스트 댓글테스트 댓글테스트 댓글테스트 댓글테스트 댓글테스트 댓글테스트 댓글테스트 댓글테스트 댓글테스트 댓글테스트 댓글테스트 댓글테스트 댓글테스트 댓글테스트 댓글테스트 댓글테스트 댓글테스트 댓글테스트 댓글테스트 댓글테스트 댓글테스트 댓글테스트 댓글테스트 댓글테스트 댓글테스트 댓글테스트 댓글테스트 댓글테스트 댓글테스트 댓글테스트 댓글테스트 댓글테스트 댓글','201610291601'),(23,64,53,'댓글','201610310028'),(24,26,41,'1234567890123456789012345678901234567890123456789012345678901234567890123456789012345678901234567890123456789012345678901234567890123456789012345678901234567890123456789012345678901234567890123456789012345678901234567890123456789012345678901234567890123456789012345678901234567890123456789012345678901234567890123456789012345678901234567890123456789012345678901234567890123456789012345678901234567890123456789012345678901234567890123456789012345678901234567890123456789012345678901234567890123456789012345678901234567890123456789012345678901234567890123456789012345678901234567890123456789012345678901234567890123456789012345678901234567890123456789012345678901234567890123456789012345678901234567890123456789012345678901234567890123456789012345678901234567890123456789012345678901234567890123456789012345678901234567890123456789012345678901234567890123456789012345678901234567890123456789012345678901234567890123456789012345678901234567890123456789012345678901234567890123456789012345678901234567890','201610311411'),(25,26,41,'12345678901234567890123456789012345678901234567890123456789012345678901234567890123456789012345678901234567890123456789012345678901234567890123456789012345678901234567890123456789012345678901234567890123456789012345678901234567890123456789012345678901234567890123456789012345678901234567890123456789012345678901234567890123456789012345678901234567890123456789012345678901234567890123456789012345678901234567890123456789012345678901234567890123456789012345678901234567890123456789012345678901234567890123456789012345678901234567890123456789012345678901234567890123456789012345678901234567890123456789012345678901234567890123456789012345678901234567890123456789012345678901234567890123456789012345678901234567890123456789012345678901234567890123456789012345678901234567890123456789012345678901234567890123456789012345678901234567890123456789012345678901234567890123456789012345678901234567890123456789012345678901234567890123456789012345678901234567890123456789012345678901234567890123456789012345678901234567890123456789012345678901234567890123456789012345678901234567890123456789012345678901234567890123456789012345678901234567890123456789012345678901234567890123456789012345678901234567890123456789012345678901234567890123456789012345678901234567890123456789012345678901234567890123456789012345678901234567890123456789012345678901234567890123456789012345678901234567890123456789012345678901234567890123456789012345678901234567890123456789012345678901234567890123456789012345678901234567890123456789012345678901234567890123456789012345678901234567890123456789012345678901234567890123456789012345678901234567890123456789012345678901234567890123456789012345678901234567890123456789012345678901234567890123456789012345678901234567890123456789012345678901234567890123456789012345678901234567890123456789012345678901234567890123456789012345678901234567890123456789012345678901234567890123456789012345678901234567890123456789012345678901234567890123456789012345678901234567890123456789012345678901234567890','201610311411'),(26,26,41,'123456789012345678901234567890123456789012345678901234567890123456789012345678901234567890123456789012345678901234567890123456789012345678901234567890123456789012345678901234567890123456789012345678901234567890123456789012345678901234567890123456789012345678901234567890123456789012345678901234567890123456789012345678901234567890123456789012345678901234567890123456789012345678901234567890123456789012345678901234567890123456789012345678901234567890123456789012345678901234567890123456789012345678901234567890123456789012345678901234567890123456789012345678901234567890123456789012345678901234567890123456789012345678901234567890123456789012345678901234567890123456789012345678901234567890123456789012345678901234567890123456789012345678901234567890123456789012345678901234567890123456789012345678901234567890123456789012345678901234567890123456789012345678901234567890123456789012345678901234567890123456789012345678901234567890123456789012345678901234567890123456789012345678901234567890123456789012345678901234567890123456789012345678901234567890123456789012345678901234567890123456789012345678901234567890123456789012345678901234567890123456789012345678901234567890123456789012345678901234567890123456789012345678901234567890123456789012345678901234567890123456789012345678901234567890123456789012345678901234567890123456789012345678901234567890123456789012345678901234567890123456789012345678901234567890123456789012345678901234567890123456789012345678901234567890123456789012345678901234567890123456789012345678901234567890123456789012345678901234567890123456789012345678901234567890123456789012345678901234567890123456789012345678901234567890123456789012345678901234567890123456789012345678901234567890123456789012345678901234567890123456789012345678901234567890123456789012345678901234567890123456789012345678901234567890123456789012345678901234567890123456789012345678901234567890123456789012345678901234567890123456789012345678901234567890123456789012345678901234567890123456789012345678901234567890123456789012345678901234567890123456789012345678901234567890123456789012345678901234567890123456789012345678901234567890123456789012345678901234567890123456789012345678901234567890123456789012345678901234567890123456789012345678901234567890123456789012345678901234567890123456789012345678901234567890123456789012345678901234567890123456789012345678901234567890123456789012345678901234567890123456789012345678901234567890123456789012345678901234567890123456789012345678901234567890123456789012345678901234567890123456789012345678901234567890123456789012345678901234567890123456789012345678901234567890123456789012345678901234567890123456789012345678901234567890123456789012345678901234567890123456789012345678901234567890123456789012345678901234567890123456789012345678901234567890123456789012345678901234567890123456789012345678901234567890123456789012345678901234567890123456789012345678901234567890123456789012345678901234567890123456789012345678901234567890123456789012345678901234567890','201610311412'),(27,26,41,'123456789012345678901234567890123456789012345678901234567890123456789012345678901234567890123456789012345678901234567890123456789012345678901234567890123456789012345678901234567890123456789012345678901234567890123456789012345678901234567890123456789012345678901234567890123456789012345678901234567890','201610311412'),(28,26,41,'1234567890123456789012345678901234567890123456789012345678901234567890123456789012345678901234567890123456789012345678901234567890123456789012345678901234567890123456789012345678901234567890123456789012345678901234567890123456789012345678901234567890123456789012345678901234567890123456789012345678901234567890123456789012345678901234567890123456789012345678901234567890123456789012345678901234567890','201610311412'),(29,26,41,'12345678901234567890123456789012345678901234567890123456789012345678901234567890123456789012345678901234567890123456789012345678901234567890123456789012345678901234567890123456789012345678901234567890123456789012345678901234567890123456789012345678901234567890123456789012345678901234567890123456789012345678901234567890123456789012345678901234567890123456789012345678901234567890123456789012345678901234567890123456789012345678901234567890123456789012345678901234567890123456789012345678901234567890','201610311413'),(30,26,41,'1234567890123456789012345678901234567890123456789012345678901234567890123456789012345678901234567890123456789012345678901234567890123456789012345678901234567890123456789012345678901234567890123456789012345678901234567890123456789012345678901234567890123456789012345678901234567890123456789012345678901234567890123456789012345678901234567890123456789012345678901234567890123456789012345678901234567890','201610311413'),(31,26,41,'12345678901234567890123456789012345678901234567890123456789012345678901234567890123456789012345678901234567890123456789012345678901234567890123456789012345678901234567890123456789012345678901234567890123456789012345678901234567890123456789012345678901234567890123456789012345678901234567890123456789012345678901234567890123456789012345678901234567890123456789012345678901234567890123456789012345678901234567890123456789012345678901234567890123456789012345678901234567890123456789012345678901234567890','201610311413'),(32,26,41,'123456789012345678901234567890123456789012345678901234567890123456789012345678901234567890123456789012345678901234567890123456789012345678901234567890123456789012345678901234567890123456789012345678901234567890123456789012345678901234567890123456789012345678901234567890123456789012345678901234567890123456789012345678901234567890123456789012345678901234567890123456789012345678901234567890123456789012345678901234567890123456789012345678901234567890123456789012345678901234567890123456789012345678901234567890123456789012345678901234567890123456789012345678901234567890123456789012345678901234567890','201610311413'),(33,64,53,'댓글 테스트 입니다.','201610311422'),(34,64,53,'아ㅑㄹ더ㅑㄷㄹㄹ더','201610311422'),(35,66,41,'1234567890123456789012345678901234567890123456789012345678901234567890123456789012345678901234567890123456789012345678901234567890123456789012345678901234567890123456789012345678901234567890123456789012345678901234567890123456789012345678901234567890123456789012345678901234567890123456789012345678901234567890123456789012345678901234567890123456789012345678901234567890123456789012345678901234567890123456789012345678901234567890123456789012345678901234567890123456789012345678901234567890123456789012345678901234567890123456789012345678901234567890123456789012345678901234567890123456789012345678901234567890123456789012345678901234567890123456789012345678901234567890123456789012345678901234567890123456789012345678901234567890123456789012345678901234567890123456789012345678901234567890123456789012345678901234567890123456789012345678901234567890123456789012345678901234567890123456789012345678901234567890123456789012345678901234567890123456789012345678901234567890123456789012345678901234567890','201611020001'),(36,66,66,'dsf','201611021802'),(37,65,66,'sdf5','201611021802'),(38,27,66,'ㅁㄴㅇ5','201611021814'),(39,27,66,'ㅁㅁㅁㅁㅁㅁㅁㅁㅁㅁㅁㅁㅁㅁㅁㅁㅁㅁㅁㅁㅁㅁㅁㅁㅁㅁㅁㅁㅁㅁㅁㅁㅁㅁㅁㅁㅁㅁㅁㅁㅁㅁㅁㅁㅁㅁㅁㅁㅁㅁㅁㅁㅁㅁㅁㅁㅁㅁㅁㅁㅁㅁㅁㅁㅁㅁㅁㅁㅁㅁㅁㅁㅁㅁㅁㅁㅁㅁㅁㅁㅁㅁㅁㅁㅁㅁㅁㅁㅁㅁㅁㅁㅁㅁㅁㅁㅁㅁㅁㅁㅁㅁㅁㅁㅁㅁㅁㅁㅁㅁㅁㅁㅁㅁㅁㅁㅁㅁㅁㅁㅁㅁㅁㅁㅁㅁㅁㅁㅁㅁㅁㅁㅁㅁㅁㅁㅁㅁㅁㅁㅁㅁㅁㅁㅁㅁㅁㅁㅁㅁㅁㅁㅁㅁㅁㅁㅁㅁㅁㅁㅁㅁㅁㅁㅁㅁㅁㅁㅁㅁㅁㅁㅁㅁㅁㅁㅁㅁㅁㅁㅁㅁㅁㅁㅁㅁㅁㅁㅁㅁㅁㅁㅁㅁㅁㅁㅁㅁㅁㅁㅁㅁㅁㅁㅁㅁㅁㅁㅁㅁㅁㅁㅁㅁㅁㅁㅁㅁㅁㅁㅁㅁㅁㅁㅁㅁㅁㅁㅁㅁㅁㅁㅁㅁㅁㅁㅁㅁㅁㅁㅁㅁㅁㅁㅁㅁㅁㅁㅁㅁㅁㅁㅁㅁㅁㅁㅁㅁㅁㅁㅁㅁㅁㅁㅁㅁㅁㅁㅁㅁㅁㅁㅁㅁㅁㅁㅁㅁㅁㅁㅁㅁㅁㅁㅁㅁㅁㅁㅁㅁㅁㅁㅁㅁㅁㅁㅁㅁㅁㅁㅁㅁㅁㅁㅁㅁㅁㅁㅁㅁㅁㅁㅁㅁㅁㅁㅁㅁㅁㅁㅁㅁㅁㅁㅁㅁㅁㅁㅁㅁㅁㅁㅁㅁㅁㅁㅁㅁㅁㅁㅁㅁㅁㅁㅁㅁㅁㅁㅁㅁㅁㅁㅁㅁㅁㅁㅁㅁㅁㅁㅁㅁㅁㅁㅁㅁㅁㅁㅁㅁㅁㅁㅁㅁㅁㅁㅁㅁㅁㅁㅁㅁㅁㅁㅁㅁㅁㅁㅁㅁㅁㅁㅁㅁㅁㅁㅁㅁㅁㅁㅁㅁㅁㅁㅁㅁㅁㅁㅁㅁㅁㅁㅁㅁㅁㅁㅁㅁㅁㅁㅁㅁㅁㅁㅁㅁㅁㅁㅁㅁㅁㅁㅁㅁㅁㅁㅁㅁㅁㅁㅁㅁㅁㅁㅁㅁㅁㅁㅁㅁㅁㅁㅁㅁㅁㅁㅁㅁㅁㅁㅁㅁㅁㅁㅁㅁㅁㅁㅁㅁㅁㅁㅁㅁㅁㅁㅁㅁㅁㅁㅁㅁㅁㅁㅁㅁㅁㅁㅁㅁㅁㅁㅁㅁㅁㅁㅁㅁㅁㅁㅁㅁㅁㅁㅁㅁㅁㅁㅁㅁㅁㅁㅁㅁㅁㅁㅁㅁㅁㅁㅁㅁㅁㅁㅁㅁㅁㅁㅁㅁㅁㅁㅁㅁㅁㅁㅁㅁㅁㅁㅁㅁㅁㅁㅁㅁㅁㅁㅁㅁㅁㅁㅁㅁㅁㅁㅁㅁㅁㅁ','201611021814'),(40,27,66,'ㅁㅁㅁㅁㅁㅁㅁㅁㅁㅁㅁㅁㅁㅁㅁㅁㅁㅁㅁㅁㅁㅁㅁㅁㅁㅁㅁㅁㅁㅁㅁㅁㅁㅁㅁㅁㅁㅁㅁㅁㅁㅁㅁㅁㅁㅁㅁㅁㅁㅁㅁㅁㅁㅁㅁㅁㅁㅁㅁㅁㅁㅁㅁㅁㅁㅁㅁㅁㅁㅁㅁㅁㅁㅁㅁㅁㅁㅁㅁㅁㅁㅁㅁㅁㅁㅁㅁㅁㅁㅁㅁㅁㅁㅁㅁㅁㅁㅁㅁㅁㅁㅁㅁㅁㅁㅁㅁㅁㅁㅁㅁㅁㅁㅁㅁㅁㅁㅁㅁㅁㅁㅁㅁㅁㅁㅁㅁㅁㅁㅁㅁㅁㅁㅁㅁㅁㅁㅁㅁㅁㅁㅁㅁㅁㅁㅁㅁㅁㅁㅁㅁㅁㅁㅁㅁㅁㅁㅁㅁㅁㅁㅁㅁㅁㅁㅁㅁㅁㅁㅁㅁㅁㅁㅁㅁㅁㅁㅁㅁㅁㅁㅁㅁㅁㅁㅁㅁㅁㅁㅁㅁㅁㅁㅁㅁㅁㅁㅁㅁㅁㅁㅁㅁㅁㅁㅁㅁㅁㅁㅁㅁㅁㅁㅁㅁㅁㅁㅁㅁㅁㅁㅁㅁㅁㅁㅁㅁㅁㅁㅁㅁㅁㅁㅁㅁㅁㅁㅁㅁㅁㅁㅁㅁㅁㅁㅁㅁㅁㅁㅁㅁㅁㅁㅁㅁㅁㅁㅁㅁㅁㅁㅁㅁㅁㅁㅁㅁㅁㅁㅁㅁㅁㅁㅁㅁㅁㅁㅁㅁㅁㅁㅁㅁㅁㅁㅁㅁㅁㅁㅁㅁㅁㅁㅁㅁㅁㅁㅁㅁㅁㅁㅁㅁㅁㅁㅁㅁㅁㅁㅁㅁㅁㅁㅁㅁㅁㅁㅁㅁㅁㅁㅁㅁㅁㅁㅁㅁㅁㅁㅁㅁㅁㅁㅁㅁㅁㅁㅁㅁㅁㅁㅁㅁㅁㅁㅁㅁㅁㅁㅁㅁㅁㅁㅁㅁㅁㅁㅁㅁㅁㅁㅁㅁㅁㅁㅁㅁㅁㅁㅁㅁㅁㅁㅁㅁㅁㅁㅁㅁㅁㅁㅁㅁㅁㅁㅁㅁㅁㅁㅁㅁㅁㅁㅁㅁㅁㅁㅁㅁㅁㅁㅁㅁㅁㅁㅁㅁㅁㅁㅁㅁㅁㅁㅁㅁㅁㅁㅁㅁㅁㅁㅁㅁㅁㅁㅁㅁㅁㅁㅁㅁㅁㅁㅁㅁㅁㅁㅁㅁㅁㅁㅁㅁㅁㅁㅁㅁㅁㅁㅁㅁㅁㅁㅁㅁㅁㅁㅁㅁㅁㅁㅁㅁㅁㅁㅁㅁㅁㅁㅁㅁㅁㅁㅁㅁㅁㅁㅁㅁㅁㅁㅁㅁㅁㅁㅁㅁㅁㅁㅁㅁㅁㅁㅁㅁㅁㅁㅁㅁㅁㅁㅁㅁㅁㅁㅁㅁㅁㅁㅁㅁㅁㅁㅁㅁㅁㅁㅁㅁㅁㅁㅁㅁㅁㅁㅁㅁㅁㅁㅁㅁㅁㅁㅁㅁㅁㅁㅁㅁㅁㅁㅁㅁㅁㅁㅁㅁㅁㅁㅁㅁㅁㅁㅁㅁㅁㅁㅁㅁㅁㅁㅁㅁㅁㅁㅁㅁㅁㅁㅁㅁㅁㅁㅁㅁㅁㅁㅁㅁㅁㅁㅁㅁㅁㅁㅁㅁㅁㅁㅁㅁㅁㅁㅁㅁㅁㅁㅁㅁㅁㅁㅁㅁㅁㅁㅁㅁㅁㅁㅁㅁㅁㅁㅁㅁㅁㅁㅁㅁㅁㅁㅁㅁㅁㅁㅁㅁㅁㅁㅁㅁㅁㅁㅁㅁㅁㅁㅁㅁㅁㅁㅁㅁㅁㅁㅁㅁㅁㅁㅁㅁㅁㅁㅁㅁㅁㅁㅁㅁㅁㅁㅁㅁㅁㅁㅁㅁㅁㅁㅁㅁㅁㅁㅁㅁㅁㅁㅁㅁㅁㅁㅁㅁㅁㅁㅁㅁㅁㅁㅁㅁㅁㅁㅁㅁㅁㅁㅁㅁㅁㅁㅁㅁㅁㅁㅁㅁㅁㅁㅁㅁㅁㅁㅁㅁㅁㅁㅁㅁㅁㅁㅁㅁㅁㅁㅁㅁㅁㅁㅁㅁㅁㅁㅁㅁㅁㅁㅁㅁㅁㅁㅁㅁㅁㅁㅁㅁㅁㅁㅁㅁㅁㅁㅁㅁㅁㅁㅁㅁㅁㅁㅁㅁㅁㅁㅁㅁㅁㅁㅁㅁㅁㅁㅁㅁㅁㅁㅁㅁㅁㅁㅁㅁㅁㅁㅁㅁㅁㅁㅁㅁㅁㅁㅁㅁㅁㅁㅁㅁㅁㅁㅁㅁㅁㅁㅁㅁㅁㅁㅁㅁㅁㅁㅁㅁㅁㅁㅁㅁㅁㅁㅁㅁㅁㅁㅁㅁㅁㅁㅁㅁㅁㅁㅁㅁㅁㅁㅁㅁㅁㅁㅁㅁㅁㅁㅁㅁㅁㅁㅁㅁㅁㅁㅁㅁㅁㅁㅁㅁㅁㅁㅁㅁㅁㅁㅁㅁㅁㅁㅁㅁㅁㅁㅁㅁㅁㅁㅁㅁㅁㅁㅁㅁㅁㅁㅁㅁㅁㅁㅁㅁㅁㅁㅁㅁㅁㅁㅁㅁㅁㅁㅁㅁㅁㅁㅁㅁㅁㅁㅁㅁㅁㅁㅁㅁㅁㅁㅁㅁㅁㅁㅁㅁㅁㅁㅁㅁㅁㅁㅁㅁㅁㅁㅁㅁㅁㅁㅁㅁㅁㅁㅁㅁㅁㅁㅁㅁㅁㅁㅁㅁㅁㅁㅁㅁㅁㅁㅁㅁㅁㅁㅁㅁㅁㅁㅁㅁㅁㅁㅁㅁㅁㅁㅁㅁㅁㅁㅁㅁㅁㅁㅁㅁㅁㅁㅁㅁㅁㅁㅁㅁㅁㅁㅁㅁㅁㅁㅁㅁㅁㅁㅁㅁㅁㅁㅁㅁㅁㅁㅁㅁㅁㅁㅁㅁㅁㅁㅁㅁㅁㅁㅁㅁㅁㅁㅁㅁㅁㅁㅁㅁㅁㅁㅁㅁㅁㅁㅁㅁㅁㅁㅁㅁㅁㅁㅁㅁㅁㅁㅁㅁㅁㅁㅁㅁㅁㅁㅁㅁㅁㅁㅁㅁㅁㅁㅁㅁㅁㅁㅁㅁㅁㅁㅁㅁㅁㅁㅁㅁㅁㅁㅁㅁㅁㅁㅁㅁㅁㅁㅁㅁㅁㅁㅁㅁㅁㅁㅁㅁㅁㅁㅁㅁㅁㅁㅁㅁㅁㅁㅁㅁㅁㅁㅁㅁㅁㅁㅁㅁㅁㅁㅁㅁㅁㅁㅁㅁㅁㅁㅁㅁㅁㅁㅁㅁㅁㅁㅁㅁㅁㅁㅁㅁㅁㅁㅁㅁㅁㅁㅁㅁㅁㅁㅁㅁㅁㅁㅁㅁㅁㅁㅁㅁㅁㅁㅁㅁㅁㅁㅁㅁㅁㅁㅁㅁㅁㅁㅁㅁㅁㅁㅁㅁㅁㅁㅁㅁㅁㅁㅁㅁㅁㅁㅁㅁㅁㅁㅁㅁㅁㅁㅁㅁㅁㅁㅁㅁㅁㅁㅁㅁㅁㅁㅁㅁㅁㅁㅁㅁㅁㅁㅁㅁㅁㅁㅁㅁㅁㅁㅁㅁㅁㅁㅁㅁㅁㅁㅁㅁㅁㅁㅁㅁㅁㅁㅁㅁㅁㅁㅁㅁㅁㅁㅁㅁㅁㅁㅁㅁㅁㅁㅁㅁㅁㅁㅁㅁㅁㅁㅁㅁㅁㅁㅁㅁㅁㅁㅁㅁㅁㅁㅁㅁㅁㅁㅁㅁㅁㅁㅁㅁㅁㅁㅁㅁㅁㅁㅁㅁㅁㅁㅁㅁㅁㅁㅁㅁㅁㅁㅁㅁㅁㅁㅁㅁㅁㅁㅁㅁㅁㅁㅁㅁㅁㅁㅁㅁㅁㅁㅁㅁㅁㅁㅁㅁㅁㅁㅁㅁㅁㅁㅁㅁㅁㅁㅁㅁㅁㅁㅁㅁㅁㅁㅁㅁㅁㅁㅁㅁㅁㅁㅁㅁㅁㅁㅁㅁㅁㅁㅁㅁㅁㅁㅁㅁㅁㅁㅁㅁㅁㅁㅁㅁㅁㅁㅁㅁㅁㅁㅁㅁㅁㅁㅁㅁㅁㅁㅁㅁㅁㅁㅁㅁㅁㅁㅁㅁㅁㅁㅁㅁㅁㅁㅁㅁㅁㅁㅁㅁㅁㅁㅁㅁㅁㅁㅁㅁㅁㅁㅁㅁㅁㅁㅁㅁㅁㅁㅁㅁㅁㅁㅁㅁㅁㅁㅁㅁㅁㅁㅁㅁㅁㅁㅁㅁㅁㅁㅁㅁㅁㅁㅁㅁㅁㅁㅁㅁㅁㅁㅁㅁㅁㅁㅁㅁㅁㅁㅁㅁㅁㅁㅁㅁㅁㅁㅁㅁㅁㅁㅁㅁㅁㅁㅁㅁㅁㅁㅁㅁㅁㅁㅁㅁㅁㅁㅁㅁㅁㅁㅁㅁㅁㅁㅁㅁㅁㅁㅁㅁㅁㅁㅁㅁㅁㅁㅁㅁㅁㅁㅁㅁㅁㅁㅁㅁㅁㅁㅁㅁㅁㅁㅁㅁㅁㅁㅁㅁㅁㅁㅁㅁㅁㅁㅁㅁㅁㅁㅁㅁㅁㅁㅁㅁㅁㅁㅁㅁㅁㅁㅁㅁㅁㅁㅁㅁㅁㅁㅁㅁㅁㅁㅁㅁㅁㅁㅁㅁㅁㅁㅁㅁㅁㅁㅁㅁㅁㅁㅁㅁㅁㅁㅁㅁㅁㅁㅁㅁㅁㅁㅁㅁㅁㅁㅁㅁㅁㅁㅁㅁㅁㅁㅁㅁㅁㅁㅁㅁㅁㅁㅁㅁㅁㅁㅁㅁㅁㅁㅁㅁㅁㅁㅁㅁㅁㅁㅁㅁㅁㅁㅁㅁㅁㅁㅁㅁㅁㅁㅁㅁㅁㅁㅁㅁㅁㅁㅁㅁㅁㅁㅁㅁㅁㅁㅁㅁㅁㅁㅁㅁㅁㅁㅁㅁㅁㅁㅁㅁㅁㅁㅁㅁㅁㅁㅁㅁㅁㅁㅁㅁㅁㅁㅁㅁㅁㅁㅁㅁㅁㅁㅁㅁㅁㅁㅁㅁㅁㅁㅁㅁㅁㅁㅁㅁㅁㅁㅁㅁㅁㅁㅁㅁㅁㅁㅁㅁㅁㅁㅁㅁㅁ','201611021814'),(41,27,66,'ㅁㄴㅇㅁㄴㅇㅁㄴㅇㅁㄴㅇㅁㄴㅇㅁㄴㅇㅁㄴㅇㅁㄴㅇㅁㄴㅇㅁㄴㅇㅁㄴㅇㅁㄴㅇㅁㄴㅇㅁㄴㅇㅁㄴㅇㅁㄴㅇㅁㄴㅇㅁㄴㅇㅁㄴㅇㅁㄴㅇㅁㄴㅇㅁㄴㅇㅁㄴㅇㅁㄴㅇㅁㄴㅇㅁㄴㅇㅁㄴㅇㅁㄴㅇㅁㄴㅇㅁㄴㅇㅁㄴㅇㅁㄴㅇㅁㄴㅇㅁㄴㅇㅁㄴㅇㅁㄴㅇㅁㄴㅇㅁㄴㅇㅁㄴㅇㅁㄴㅇㅁㄴㅇㅁㄴㅇㅁㄴㅇㅁㄴㅇㅁㄴㅇㅁㄴㅇㅁㄴㅇㅁㄴㅇㅁㄴㅇㅁㄴㅇㅁㄴㅇㅁㄴㅇㅁㄴㅇㅁㄴㅇㅁㄴㅇㅁㄴㅇㅁㄴㅇㅁㄴㅇㅁㄴㅇㅁㄴㅇㅁㄴㅇㅁㄴㅇㅁㄴㅇㅁㄴㅇㅁㄴㅇㅁㄴㅇㅁㄴㅇㅁㄴㅇㅁㄴㅇㅁㄴㅇㅁㄴㅇㅁㄴㅇㅁㄴㅇㅁㄴㅇㅁㄴㅇㅁㄴㅇㅁㄴㅇㅁㄴㅇㅁㄴㅇㅁㄴㅇㅁㄴㅇㅁㄴㅇㅁㄴㅇㅁㄴㅇㅁㄴㅇㅁㄴㅇㅁㄴㅇㅁㄴㅇㅁㄴㅇㅁㄴㅇㅁㄴㅇㅁㄴㅇㅁㄴㅇㅁㄴㅇㅁㄴㅇㅁㄴㅇㅁㄴㅇㅁㄴㅇㅁㄴㅇㅁㄴㅇㅁㄴㅇㅁㄴㅇㅁㄴㅇㅁㄴㅇㅁㄴㅇㅁㄴㅇㅁㄴㅇㅁㄴㅇㅁㄴㅇㅁㄴㅇㅁㄴㅇㅁㄴㅇㅁㄴㅇㅁㄴㅇㅁㄴㅇㅁㄴㅇㅁㄴㅇㅁㄴㅇㅁㄴㅇㅁㄴㅇㅁㄴㅇㅁㄴㅇㅁㄴㅇㅁㄴㅇㅁㄴㅇㅁㄴㅇㅁㄴㅇㅁㄴㅇㅁㄴㅇㅁㄴㅇㅁㄴㅇㅁㄴㅇㅁㄴㅇㅁㄴㅇㅁㄴㅇㅁㄴㅇㅁㄴㅇㅁㄴㅇㅁㄴㅇㅁㄴㅇㅁㄴㅇㅁㄴㅇㅁㄴㅇㅁㄴㅇㅁㄴㅇㅁㄴㅇㅁㄴㅇㅁㄴㅇㅁㄴㅇㅁㄴㅇㅁㄴㅇㅁㄴㅇㅁㄴㅇㅁㄴㅇㅁㄴㅇㅁㄴㅇㅁㄴㅇㅁㄴㅇㅁㄴㅇㅁㄴㅇㅁㄴㅇㅁㄴㅇㅁㄴㅇㅁㄴㅇㅁㄴㅇㅁㄴㅇㅁㄴㅇㅁㄴㅇ','201611021814'),(42,27,66,'ㅁㄴㅇㅁㄴㅇㅁㄴㅇㅁㄴㅇㅁㄴㅇㅁㄴㅇㅁㄴㅇㅁㄴㅇㅁㄴㅇㅁㄴㅇㅁㄴㅇㅁㄴㅇㅁㄴㅇㅁㄴㅇㅁㄴㅇㅁㄴㅇㅁㄴㅇㅁㄴㅇㅁㄴㅇㅁㄴㅇㅁㄴㅇㅁㄴㅇㅁㄴㅇㅁㄴㅇㅁㄴㅇㅁㄴㅇㅁㄴㅇㅁㄴㅇㅁㄴㅇㅁㄴㅇㅁㄴㅇㅁㄴㅇㅁㄴㅇㅁㄴㅇㅁㄴㅇㅁㄴㅇㅁㄴㅇㅁㄴㅇㅁㄴㅇㅁㄴㅇㅁㄴㅇㅁㄴㅇㅁㄴㅇㅁㄴㅇㅁㄴㅇㅁㄴㅇㅁㄴㅇㅁㄴㅇㅁㄴㅇㅁㄴㅇㅁㄴㅇㅁㄴㅇㅁㄴㅇㅁㄴㅇㅁㄴㅇㅁㄴㅇㅁㄴㅇㅁㄴㅇㅁㄴㅇㅁㄴㅇㅁㄴㅇㅁㄴㅇㅁㄴㅇㅁㄴㅇㅁㄴㅇㅁㄴㅇㅁㄴㅇㅁㄴㅇㅁㄴㅇㅁㄴㅇㅁㄴㅇㅁㄴㅇㅁㄴㅇㅁㄴㅇㅁㄴㅇㅁㄴㅇ','201611021814'),(43,27,66,'ㅁㄴㅇㅁㄴㅇㅁㄴㅇㅁㄴㅇㅁㄴㅇㅁㄴㅇㅁㄴㅇㅁㄴㅇㅁㄴㅇㅁㄴㅇㅁㄴㅇㅁㄴㅇㅁㄴㅇㅁㄴㅇㅁㄴㅇㅁㄴㅇㅁㄴㅇㅁㄴㅇㅁㄴㅇㅁㄴㅇㅁㄴㅇㅁㄴㅇㅁㄴㅇㅁㄴㅇㅁㄴㅇㅁㄴㅇㅁㄴㅇㅁㄴㅇㅁㄴㅇㅁㄴㅇㅁㄴㅇㅁㄴㅇㅁㄴㅇㅁㄴㅇㅁㄴㅇㅁㄴㅇㅁㄴㅇㅁㄴㅇㅁㄴㅇㅁㄴㅇㅁㄴㅇㅁㄴㅇㅁㄴㅇㅁㄴㅇㅁㄴㅇㅁㄴㅇㅁㄴㅇㅁㄴㅇㅁㄴㅇㅁㄴㅇㅁㄴㅇㅁㄴㅇㅁㄴㅇㅁㄴㅇㅁㄴㅇㅁㄴㅇㅁㄴㅇㅁㄴㅇㅁㄴㅇㅁㄴㅇㅁㄴㅇㅁㄴㅇㅁㄴㅇㅁㄴㅇㅁㄴㅇㅁㄴㅇㅁㄴㅇㅁㄴㅇㅁㄴㅇㅁㄴㅇㅁㄴㅇㅁㄴㅇㅁㄴㅇㅁㄴㅇㅁㄴㅇㅁㄴㅇ','201611021814'),(44,27,66,'ㅁㄴㅇㅁㄴㅇㅁㄴㅇㅁㄴㅇㅁㄴㅇㅁㄴㅇㅁㄴㅇㅁㄴㅇㅁㄴㅇㅁㄴㅇㅁㄴㅇㅁㄴㅇㅁㄴㅇㅁㄴㅇㅁㄴㅇㅁㄴㅇㅁㄴㅇㅁㄴㅇㅁㄴㅇㅁㄴㅇㅁㄴㅇㅁㄴㅇㅁㄴㅇㅁㄴㅇㅁㄴㅇㅁㄴㅇㅁㄴㅇㅁㄴㅇㅁㄴㅇㅁㄴㅇㅁㄴㅇㅁㄴㅇㅁㄴㅇㅁㄴㅇㅁㄴㅇㅁㄴㅇㅁㄴㅇㅁㄴㅇㅁㄴㅇㅁㄴㅇㅁㄴㅇㅁㄴㅇㅁㄴㅇㅁㄴㅇㅁㄴㅇㅁㄴㅇㅁㄴㅇㅁㄴㅇㅁㄴㅇㅁㄴㅇㅁㄴㅇㅁㄴㅇㅁㄴㅇㅁㄴㅇㅁㄴㅇㅁㄴㅇㅁㄴㅇㅁㄴㅇㅁㄴㅇㅁㄴㅇㅁㄴㅇㅁㄴㅇㅁㄴㅇㅁㄴㅇㅁㄴㅇㅁㄴㅇㅁㄴㅇㅁㄴㅇㅁㄴㅇㅁㄴㅇㅁㄴㅇㅁㄴㅇㅁㄴㅇㅁㄴㅇㅁㄴㅇㅁㄴㅇㅁㄴㅇㅁㄴㅇㅁㄴㅇㅁㄴㅇㅁㄴㅇㅁㄴㅇㅁㄴㅇㅁㄴㅇㅁㄴㅇㅁㄴㅇㅁㄴㅇㅁㄴㅇㅁㄴㅇㅁㄴㅇㅁㄴㅇㅁㄴㅇㅁㄴㅇㅁㄴㅇㅁㄴㅇㅁㄴㅇㅁㄴㅇㅁㄴㅇㅁㄴㅇㅁㄴㅇㅁㄴㅇㅁㄴㅇㅁㄴㅇㅁㄴㅇㅁㄴㅇㅁㄴㅇㅁㄴㅇㅁㄴㅇㅁㄴㅇㅁㄴㅇㅁㄴㅇㅁㄴㅇㅁㄴㅇㅁㄴㅇㅁㄴㅇㅁㄴㅇㅁㄴㅇㅁㄴㅇㅁㄴㅇㅁㄴㅇㅁㄴㅇㅁㄴㅇㅁㄴㅇㅁㄴㅇㅁㄴㅇㅁㄴㅇㅁㄴㅇㅁㄴㅇㅁㄴㅇㅁㄴㅇㅁㄴㅇㅁㄴㅇㅁㄴㅇㅁㄴㅇㅁㄴㅇㅁㄴㅇㅁㄴㅇㅁㄴㅇㅁㄴㅇㅁㄴㅇㅁㄴㅇㅁㄴㅇㅁㄴㅇㅁㄴㅇㅁㄴㅇㅁㄴㅇㅁㄴㅇㅁㄴㅇㅁㄴㅇㅁㄴㅇㅁㄴㅇㅁㄴㅇ','201611021815'),(45,77,79,'01234567890123456789012345678901234567890123456789012345678901234567890123456789012345678901234567890123456789012345678901234567890123456789012345678901234567890123456789012345678901234567890123456789012345678901234567890123456789012345678901234567890123456789012345678901234567890123456789012345678901234567890123456789012345678901234567890123456789012345678901234567890123456789012345678901234567890123456789012345678901234567890123456789012345678901234567890123456789012345678901234567890123456789','201611021928'),(46,77,79,'dfds','201611021928'),(47,77,79,'d','201611021929'),(48,77,79,'d','201611021929'),(49,77,79,'d','201611021929'),(50,77,79,'d','201611021929'),(51,77,79,'d','201611021929'),(52,77,79,'c','201611021929'),(53,77,79,'c','201611021930'),(54,77,79,'c','201611021930'),(55,77,79,'c','201611021930'),(56,77,79,'c','201611021930'),(57,77,79,'c','201611021930'),(58,77,79,'c','201611021930'),(59,86,53,'ㅏㅑㅓㅑㅓㅑㅓㄹ댜','201611041512'),(60,88,90,'ㅁㄴㅇㄹㅁㄴㅇㄹㅁㄴㅇㄹㅁㄴㅇㄹㅁㄴㅇㄹㅁㄴㅇㄹㅁㄴㅇㄹㅁㄴㅇㄹㅁㄴㅇㄹㅁㄴㅇㄹㅁㄴㅇㄹㅁㄴㅇㄹㅁㄴㅇㄹㅁㄴㅇㄹㅁㄴㅇㄹㅁㄴㅇㄹㅁㄴㅇㄹㅁㄴㅇㄹㅁㄴㅇㄹㅁㄴㅇㄹㅁㄴㅇㄹㅁㄴㅇㄹㅁㄴㅇㄹㅁㄴㅇㄹㅁㄴㅇㄹㅁㄴㅇㄹㅁㄴㅇㄹㅁㄴㅇㄹㅁㄴㅇㄹㅁㄴㅇㄹㅁㄴㅇㄹㅁㄴㅇㄹㅁㄴㅇㄹㅁㄴㅇㄹㅁㄴㅇㄹㅁㄴㅇㄹㅁㄴㅇㄹㅁㄴㅇㄹㅁㄴㅇㄹㅁㄴㅇㄹㅁㄴㅇㄹㅁㄴㅇㄹㅁㄴㅇㄹㅁㄴㅇㄹㅁㄴㅇㄹㅁㄴㅇㄹㅁㄴㅇㄹㅁㄴㅇㄹㅁㄴㅇㄹㅁㄴㅇㄹㅁㄴㅇㄹㅁㄴㅇㄹㅁㄴㅇㄹㅁㄴㅇㄹㅁㄴㅇㄹㅁㄴㅇㄹㅁㄴㅇㄹㅁㄴㅇㄹㅁㄴㅇㄹㅁㄴㅇㄹㅁㄴㅇㄹㅁㄴㅇㄹㅁㄴㅇㄹㅁㄴㅇㄹㅁㄴㅇㄹㅁㄴㅇㄹㅁㄴㅇㄹㅁㄴㅇㄹㅁㄴㅇㄹㅁㄴㅇㄹㅁㄴㅇㄹㅁㄴㅇㄹㅁㄴㅇㄹㅁㄴㅇㄹㅁㄴㅇㄹㅁㄴㅇㄹㅁㄴㅇㄹㅁㄴㅇㄹㅁㄴㅇㄹㅁㄴㅇㄹㅁㄴㅇㄹㅁㄴㅇㄹㅁㄴㅇㄹㅁㄴㅇㄹㅁㄴㅇㄹㅁㄴㅇㄹㅁㄴㅇㄹㅁㄴㅇㄹㅁㄴㅇㄹㅁㄴㅇㄹㅁㄴㅇㄹㅁㄴㅇㄹㅁㄴㅇㄹㅁㄴㅇㄹㅁㄴㅇㄹㅁㄴㅇㄹㅁㄴㅇㄹㅁㄴㅇㄹㅁㄴㅇㄹㅁㄴㅇㄹㅁㄴㅇㄹㅁㄴㅇㄹㅁㄴㅇㄹㅁㄴㅇㄹㅁㄴㅇㄹㅁㄴㅇㄹㅁㄴㅇㄹㅁㄴㅇㄹㅁㄴㅇㄹㅁㄴㅇㄹㅁㄴㅇㄹㅁㄴㅇㄹㅁㄴㅇㄹㅁㄴㅇㄹㅁㄴㅇㄹㅁㄴㅇㄹㅁㄴㅇㄹㅁㄴㅇㄹㅁㄴㅇㄹㅁㄴㅇㄹㅁㄴㅇㄹㅁㄴㅇㄹㅁㄴㅇㄹㅁㄴㅇㄹㅁㄴㅇㄹ','201611152107'),(61,88,90,'ㅁㄴㅇㄹㅁㄴㅇㄹㅁㄴㅇㄹㅁㄴㅇㄹㅁㄴㅇㄹㅁㄴㅇㄹㅁㄴㅇㄹㅁㄴㅇㄹㅁㄴㅇㄹㅁㄴㅇㄹㅁㄴㅇㄹㅁㄴㅇㄹㅁㄴㅇㄹㅁㄴㅇㄹㅁㄴㅇㄹㅁㄴㅇㄹㅁㄴㅇㄹㅁㄴㅇㄹㅁㄴㅇㄹㅁㄴㅇㄹㅁㄴㅇㄹㅁㄴㅇㄹㅁㄴㅇㄹㅁㄴㅇㄹㅁㄴㅇㄹㅁㄴㅇㄹㅁㄴㅇㄹㅁㄴㅇㄹㅁㄴㅇㄹㅁㄴㅇㄹㅁㄴㅇㄹㅁㄴㅇㄹㅁㄴㅇㄹㅁㄴㅇㄹㅁㄴㅇㄹㅁㄴㅇㄹㅁㄴㅇㄹㅁㄴㅇㄹㅁㄴㅇㄹㅁㄴㅇㄹㅁㄴㅇㄹㅁㄴㅇㄹㅁㄴㅇㄹㅁㄴㅇㄹㅁㄴㅇㄹㅁㄴㅇㄹㅁㄴㅇㄹㅁㄴㅇㄹㅁㄴㅇㄹㅁㄴㅇㄹㅁㄴㅇㄹㅁㄴㅇㄹㅁㄴㅇㄹㅁㄴㅇㄹㅁㄴㅇㄹㅁㄴㅇㄹㅁㄴㅇㄹㅁㄴㅇㄹㅁㄴㅇㄹㅁㄴㅇㄹㅁㄴㅇㄹㅁㄴㅇㄹㅁㄴㅇㄹㅁㄴㅇㄹㅁㄴㅇㄹㅁㄴㅇㄹㅁㄴㅇㄹㅁㄴㅇㄹㅁㄴㅇㄹㅁㄴㅇㄹㅁㄴㅇㄹㅁㄴㅇㄹㅁㄴㅇㄹㅁㄴㅇㄹㅁㄴㅇㄹㅁㄴㅇㄹㅁㄴㅇㄹㅁㄴㅇㄹㅁㄴㅇㄹㅁㄴㅇㄹㅁㄴㅇㄹㅁㄴㅇㄹㅁㄴㅇㄹㅁㄴㅇㄹㅁㄴㅇㄹㅁㄴㅇㄹㅁㄴㅇㄹㅁㄴㅇㄹㅁㄴㅇㄹㅁㄴㅇㄹㅁㄴㅇㄹㅁㄴㅇㄹㅁㄴㅇㄹㅁㄴㅇㄹㅁㄴㅇㄹㅁㄴㅇㄹㅁㄴㅇㄹㅁㄴㅇㄹㅁㄴㅇㄹㅁㄴㅇㄹㅁㄴㅇㄹㅁㄴㅇㄹㅁㄴㅇㄹㅁㄴㅇㄹㅁㄴㅇㄹㅁㄴㅇㄹㅁㄴㅇㄹㅁㄴㅇㄹㅁㄴㅇㄹㅁㄴㅇㄹㅁㄴㅇㄹㅁㄴㅇㄹㅁㄴㅇㄹㅁㄴㅇㄹㅁㄴㅇㄹㅁㄴㅇㄹㅁㄴㅇㄹㅁㄴㅇㄹㅁㄴㅇㄹㅁㄴㅇㄹㅁㄴㅇㄹㅁㄴㅇㄹㅁㄴㅇㄹㅁㄴㅇㄹㅁㄴㅇ1','201611152107'),(62,88,90,'김김김김김김김김김김<br/>김김김김김김김김김김<br/>김김김김김김김김김김<br/>김김김김김김김김김김<br/>김김김김김김김김김김<br/>김김김김김김김김김김<br/>김김김김김김김김김김<br/>김김김김김김김김김김<br/>김김김김김김김김김김<br/>김김김김김김김김김김<br/>1234','201611152107'),(63,90,90,'ㅁㄴㅇㄹ','201611152112'),(64,89,90,'aㄴㅇㄹ<br/>ㅁㄴㅇ<br/>ㄹ<br/>ㅁㄴㅇㄹ<br/>ㅁㄴㅇㄹ<br/>ㅁㄴㅇ<br/>ㄹ<br/>ㅁㄴㅇㄹ<br/>ㅁㄴㅇㄹ<br/>ㅁㄴ<br/>ㅇㄹ<br/>ㅁㄴㅇㄹ','201611152135'),(65,89,90,'1<br/>2<br/>3<br/>4<br/>5<br/>6<br/>7<br/>8<br/>9<br/>10','201611152136'),(66,37,40,'멋있네요.','201611171637');

/*Table structure for table `t_design_work_file` */

DROP TABLE IF EXISTS `t_design_work_file`;

CREATE TABLE `t_design_work_file` (
  `design_work_seq` int(11) DEFAULT NULL COMMENT '작품seq',
  `comments` varchar(1000) COLLATE utf8_bin DEFAULT NULL COMMENT '설명',
  `file_uri` varchar(200) COLLATE utf8_bin DEFAULT NULL COMMENT '파일경로',
  `filename` varchar(200) COLLATE utf8_bin DEFAULT NULL COMMENT '파일명',
  `seq` int(11) NOT NULL AUTO_INCREMENT COMMENT 'seq',
  `register_time` char(12) COLLATE utf8_bin DEFAULT NULL COMMENT '등록일시',
  PRIMARY KEY (`seq`),
  KEY `design_work_seq` (`design_work_seq`)
) ENGINE=InnoDB AUTO_INCREMENT=29 DEFAULT CHARSET=utf8 COLLATE=utf8_bin;

/*Data for the table `t_design_work_file` */

insert  into `t_design_work_file`(`design_work_seq`,`comments`,`file_uri`,`filename`,`seq`,`register_time`) values (7,NULL,'/resources/km_upload/product/c5986413-78c7-48fc-a986-1823d3d83764.jpg','img_sample.jpg',2,'201609291612'),(9,NULL,'/resources/km_upload/product/320d1c67-391c-4a8a-9f9e-ff1a0ff8a4d5.jpg','test.jpg',3,'201609291803'),(26,NULL,'/resources/km_upload/product/aa4af34e-78c8-4f39-b4ec-2d6bde4bb9e1.jpg','배경B (15).jpg',5,'201609301040'),(30,NULL,'/resources/km_upload/product/d68e347a-0ecb-4e91-9bca-767e22e33fea.png','btn.png',6,'201610111452'),(30,NULL,'/resources/km_upload/product/a05a15fc-50a6-40d2-996a-639470b3a27c.png','c0006555_10050753.png',7,'201610111452'),(32,NULL,'/resources/km_upload/product/098425fb-fe54-4ef3-8de9-11954a7a3aea.jpg','0.jpg',8,'201610111455'),(32,NULL,'/resources/km_upload/product/80772bd4-2000-4601-aa28-ac7674fdcd50.jpg','1.jpg',9,'201610111455'),(24,NULL,'/resources/km_upload/product/045e1069-8a16-4cbc-8bf5-2dabbda16849.jpg','dwork1.jpg',10,'201610141040'),(24,NULL,'/resources/km_upload/product/843c2a76-20d6-4994-b37b-e6daa19884fb.jpg','dwork2.jpg',11,'201610141040'),(27,NULL,'/resources/km_upload/product/f3f67340-2191-4266-a0c0-48d18228244a.pdf','eBrain 자문위원 _ OKKY 위촉장 초안.pdf',12,'201610242306'),(64,NULL,'/resources/km_upload/product/75aeaa6c-c882-41b9-a213-88345c4be25c.xlsx','테스트',13,'201610302343'),(66,NULL,'/resources/km_upload/product/da870735-e132-41ae-ada5-42021aac2b0a.psd','ASPOSE',15,'201611012359'),(67,NULL,'/resources/km_upload/product/4d1fe335-d44b-461f-8058-0b0d674963fd.exe','음음음',16,'201611021834'),(67,NULL,'/resources/km_upload/product/291cbbb9-8cfa-4a30-9a5e-0d89a8bdaf0a.exe','비비비',17,'201611021834'),(81,NULL,'/resources/km_upload/product/cff496f0-25d7-459a-b465-c4588a3c4e88.xlsx','오픈',18,'201611021923'),(77,NULL,'/resources/km_upload/product/fc318837-fc28-4b1c-bfaa-7837ef6f9a71.cfg','ㅊㅊㅊ',19,'201611021927'),(77,NULL,'/resources/km_upload/product/073f7769-4d78-4315-bbff-fa2457eda0c8.py','ㅊㅊㅇ',20,'201611021939'),(82,NULL,'/resources/km_upload/product/33d15750-ae2c-45e9-959e-b4e904b10779.cpp','ㅛㄴㄷㅅㄴㄹ',21,'201611022001'),(82,NULL,'/resources/km_upload/product/1177e063-6d3b-4662-b891-c8d8249091da.txt','ㅁㄴㅇㅁㅇ',22,'201611022001'),(82,NULL,'/resources/km_upload/product/f7a9d053-8a19-4824-94da-553f3b17b7b3.json','ㅇㅇㅇ',23,'201611022001'),(83,NULL,'/resources/km_upload/product/24da3d25-f96e-48f2-b9d5-ad6d821dfce0.log','131423',24,'201611022021'),(83,NULL,'/resources/km_upload/product/19d3e027-3b2e-438f-ab2e-b0828df49a6c.txt','ㄴㅁㄻㄹ',25,'201611022021'),(86,NULL,'/resources/km_upload/product/48e741cc-85f1-4245-97b6-bfe82c77f299.jpg','신민아 사진',26,'201611041446'),(89,NULL,'/resources/km_upload/product/2e3bde0b-18ea-4ed7-afb3-4ff4e2307a91.exe','ㅁㄴㅇ',27,'201611152110'),(89,NULL,'/resources/km_upload/product/0a8dfefe-4ac1-462b-98f1-3da67ef4c44a.eclipseproduct','ㅁㄴㅇ',28,'201611152110');

/*Table structure for table `t_design_work_like` */

DROP TABLE IF EXISTS `t_design_work_like`;

CREATE TABLE `t_design_work_like` (
  `design_work_seq` int(11) NOT NULL COMMENT '작품seq',
  `member_seq` int(11) NOT NULL COMMENT '회원seq',
  `register_time` char(18) COLLATE utf8_bin DEFAULT NULL COMMENT '등록일시',
  PRIMARY KEY (`design_work_seq`,`member_seq`)
) ENGINE=InnoDB DEFAULT CHARSET=utf8 COLLATE=utf8_bin;

/*Data for the table `t_design_work_like` */

insert  into `t_design_work_like`(`design_work_seq`,`member_seq`,`register_time`) values (7,53,'201611151139'),(8,36,'201609291750'),(8,41,'201609301032'),(8,51,'201609301012'),(9,39,'201609291914'),(12,66,'201611022025'),(16,54,'201610041534'),(26,41,'201610061738'),(26,66,'201611021658'),(26,78,'201611022031'),(27,41,'201611012341'),(27,54,'201610041534'),(27,78,'201611022031'),(37,40,'201611171639'),(37,72,'201611021840'),(37,88,'201611151602'),(39,62,'201610291718'),(45,62,'201611022016'),(47,78,'201611022031'),(49,78,'201611021847'),(53,53,'201610291508'),(54,53,'201610291508'),(55,53,'201610291508'),(55,61,'201610271403'),(60,41,'201610311408'),(60,42,'201611021926'),(60,53,'201610291508'),(63,41,'201610311410'),(63,53,'201610310025'),(66,72,'201611021840'),(66,78,'201611022031'),(66,81,'201611022027'),(68,81,'201611022029'),(73,77,'201611021900'),(74,81,'201611022027'),(75,81,'201611022028'),(77,53,'201611171728'),(77,78,'201611021903'),(77,81,'201611022026'),(84,53,'201611151552'),(84,77,'201611022025'),(86,53,'201611151144'),(87,88,'201611151602');

/*Table structure for table `t_member` */

DROP TABLE IF EXISTS `t_member`;

CREATE TABLE `t_member` (
  `seq` int(11) NOT NULL AUTO_INCREMENT COMMENT '회원seq',
  `email` varchar(200) COLLATE utf8_bin DEFAULT NULL COMMENT '사용이메일',
  `passwd` varchar(256) COLLATE utf8_bin DEFAULT NULL COMMENT '비밀번호',
  `uname` varchar(50) COLLATE utf8_bin DEFAULT NULL COMMENT '닉네임',
  `image_url` varchar(200) COLLATE utf8_bin DEFAULT NULL COMMENT '프로필사진',
  `comments` varchar(1000) COLLATE utf8_bin DEFAULT NULL COMMENT '소개',
  `member_type` char(2) COLLATE utf8_bin DEFAULT NULL COMMENT '회원구분(00-일반,10-디자인,01-제작자,11-디자이너/제작자)',
  `point` int(11) DEFAULT '0' COMMENT '포인트',
  `fb_access_token` varchar(500) COLLATE utf8_bin DEFAULT NULL,
  `register_time` char(12) COLLATE utf8_bin DEFAULT NULL COMMENT '등록일시',
  `update_time` char(12) COLLATE utf8_bin DEFAULT NULL COMMENT '수정일시',
  `sido_seq` int(11) NOT NULL,
  PRIMARY KEY (`seq`)
) ENGINE=InnoDB AUTO_INCREMENT=92 DEFAULT CHARSET=utf8 COLLATE=utf8_bin;

/*Data for the table `t_member` */

insert  into `t_member`(`seq`,`email`,`passwd`,`uname`,`image_url`,`comments`,`member_type`,`point`,`fb_access_token`,`register_time`,`update_time`,`sido_seq`) values (36,'shg@naver.com','281e63590a813a9be5160a7fd42cbe34c01f044ee06a5c9cd90b848f559b55ce','송해교','/resources/km_upload/user_profile/1d70b1d2-94b4-47b3-acad-0859f8d0b15e.jpg','송해교','11',9696,NULL,'201609261036','201610261036',0),(37,'borosolee@naver.com','291fd099d5e87f401274eb6febafe4042a8ba1ceb0df93c03e42b0d5cbf6404b','이형재','/resources/km_upload/user_profile/5990f840-0475-4a6c-9055-dca6f332202d.jpg','안녕하세요~ttttt','11',10000,NULL,'201609261038','201609261048',0),(38,'szg@naver.com','281e63590a813a9be5160a7fd42cbe34c01f044ee06a5c9cd90b848f559b55ce','송중기','/resources/km_upload/user_profile/0c9ecd8f-2b3b-4f58-a7ee-99882fc59996.jpg','송중기','10',10300,NULL,'201609261351','201610261351',0),(39,'jwjung@ebrain.kr','3e7ba77d3a8247fd78c1166f532b4e8e0acc54f276e7d541d5b76269906cd968','정재우','/resources/km_upload/user_profile/4ea0be31-8b76-42f2-9f7b-a3d3d49df15f.png','eBrain의 정재우입니다.','11',10000,NULL,'201609261538','201609261538',0),(40,'kwangsoo.hahn@gmail.com','4fa80cc4789907b53f937971cb7494c2f98b47785d8ecf34e9cd44d1e2fe4651','한광수','','','11',10000,NULL,'201609271237','201609271237',0),(41,'hhjo@ebrain.kr','4904a9f01b1185b19e7682f4c707a2f77cac9247e53e7e785d26352a132e7dad','KarenJ','/resources/km_upload/user_profile/ea5f93bd-be1a-4245-96fd-ffd61b01a675.jpg','Karen_eBrainKaren_eBrainKaren_eBrainKaren_eBrainKaren_eBrainKaren_eBrainKaren_eBrainKaren_eBrainKaren_eBrainKaren_eBrainKaren_eBrainKaren_eBrainKaren_eBrainKaren_eBrainKaren_eBrainKaren_eBrainKaren_eBrainKaren_eBrainKaren_eBrainKaren_eBrainKaren_eBrainKaren_eBrainKaren_eBrainKaren_eBrainKaren_eBrainKaren_eBrain','11',9100,NULL,'201609280234','201611081635',0),(42,'gudwns999@naver.com','21ad31fb224275a2449c6da79b949842ae0d520c6965603debe251d859796a4f','김형준','/resources/km_upload/user_profile/b1e6cef0-3e71-4161-9d0b-38ebc2ce3e28.jpg','안녕하세요 김형준입니다.','10',10000,NULL,'201609281433','201610262015',0),(43,'suwer887@gmail.com','ca15187f8399e8239a809c06b36d71d70d9e96788852930c3648aa57bc56285e','김수연','/resources/km_upload/user_profile/242a20e2-808d-4164-a39e-55d4e0e0b2e4.jpg','hello','01',10000,NULL,'201609281434','201611022030',0),(44,'gudwns9999@naver.com','21ad31fb224275a2449c6da79b949842ae0d520c6965603debe251d859796a4f','기명준','/resources/km_upload/user_profile/103ae2bf-e2a3-4eda-bf1b-e7f47f5328bb.jpg','기명준의 테스트2','11',10000,NULL,'201609281635','201610141519',0),(45,'gudwns99999@naver.com','21ad31fb224275a2449c6da79b949842ae0d520c6965603debe251d859796a4f','기명준2','/resources/km_upload/user_profile/529dcf5e-abd3-49f7-bcc8-23e20c42a66c.jpg','기명준의 테스트2','11',10000,NULL,'201609281639','201609281639',0),(46,'gudwns100@naver.com','21ad31fb224275a2449c6da79b949842ae0d520c6965603debe251d859796a4f','기명준3','/resources/km_upload/user_profile/707d98cd-e95f-410b-bb60-8e701d2e98d6.jpeg','기명준 테스트3','00',10000,NULL,'201609281641','201609281641',0),(47,'gudwns101@naver.com','21ad31fb224275a2449c6da79b949842ae0d520c6965603debe251d859796a4f','기명','','','11',10000,NULL,'201609281642','201609281642',0),(48,'gudwns102@naver.com','21ad31fb224275a2449c6da79b949842ae0d520c6965603debe251d859796a4f','기명','/resources/km_upload/user_profile/3c7c1639-6d15-4931-9894-75f2bae0e567.jpg','기명준4 테스트','10',10000,NULL,'201609281643','201610262035',0),(49,'gudwns105@naver.com','21ad31fb224275a2449c6da79b949842ae0d520c6965603debe251d859796a4f','테스트 5','/resources/km_upload/user_profile/bb8bbe69-9d1b-4c5e-b157-3ad902991aa1.jpeg','기명준 테스트5','10',10000,NULL,'201609281645','201609281645',0),(50,'gudwns106@naver.com','21ad31fb224275a2449c6da79b949842ae0d520c6965603debe251d859796a4f','테스트 6','/resources/km_upload/user_profile/7601f701-198f-4fe4-b7b2-d65b38df0308.jpg','테스트 6입니다.','10',10000,NULL,'201609281646','201609281646',0),(51,'seaoh@wdfall.com','281e63590a813a9be5160a7fd42cbe34c01f044ee06a5c9cd90b848f559b55ce','오세천','/resources/km_upload/user_profile/9ece8662-3de8-422f-989f-8e89415b642a.jpg','착한오세천','10',10000,NULL,'201609291615','201610262049',0),(52,'chhan@naver.com','281e63590a813a9be5160a7fd42cbe34c01f044ee06a5c9cd90b848f559b55ce','한한','/resources/km_upload/user_profile/913a7f5d-0b12-40cf-be3c-690e828e889e.jpg','한한','11',10000,NULL,'201609291723','201609291723',0),(53,'weedbitch@nate.com',NULL,' FB계정','/resources/km_upload/user_profile/e4967ae2-f3fa-4e89-b717-6dda5773f50b.jpg','페이스북계정 입니다.페이스북계정 입니다.페이스북계정 입니다.페이스북계정 입니다.페이스북계정 입니다.페이스북계정 입니다.페이스북계정 입니다.페이스북계정 입니다.페이스북계정 입니다.페이스북계정 입니다.페이스북계정 입니다.페이스북계정 입니다.페이스북계정 입니다.페이스북계정 입니다.페이스북계정 입니다.페이스북계정 입니다.페이스북계정 입니다.페이스북계정 입니다.페이스북계정 입니다.페이스북계정 입니다.페이스북계정 입니다.페이스북계정 입니다.페이스북계정 입니다.페이스북계정 입니다.페이스북계정 입니다.페이스북계정 입니다.페이스북계정 입니다.페이스북계정 입니다.페이스북계정 입니다.페이스북계정 입니다.페이스북계정 입니다.페이스북계정 입니다.페이스북계정 입니다.페이스북계정 입니다.페이스북계정 입니다.페이스북계정 입니다.페이스북계정 입니다.페이스북계정 입니다.페이스북계정 입니다.페이스북계정 입니다.페이스북계정 입니다.페이스북계정 입니다.페이스북계정 입니다.페이스북계정 입니다.페이스북계정 입니다.페이스북계정 입니다.페이스북계정 입니다.페이스북계정 입니다.페이스북계정 입니다.페이스북계정 입니다.페이스북계정 입니다.페이스북계정 입니다.페이스북계정 입니다.페이스북계정 입니다.페이스북계정 입니다.페이스북계정 입니다.페이스북계정 입니다.페이스북계정 입니다.페이스북계정 입니다.페이스북계정 입니다.페이스북계정 입니다.페이스북계정 입니다.페이스북계정 입니다.페이스북계정 입니다.페이스북계정 입니다.페이스북계정 입니다.페이스북계정 입니다.페이스북계정 입니다.페이스북계정 입니다.페이스북계정 입니다.페이스북계정 입니다.페이스북계정 입니다.페이스북계정 입니다.페이스북계정 입니다.페이스북계정 입니다.페이스북계정 입니다.페이스북계정 입니다.페이스북계정 입니다.페이스북계정 입니다.페이스북계정 입니다.페이스북계정 입니다.페이스북계정 입니다.페이스북계정 입니다.페이스북계정 입니다.페이스북계정 입니다.페이스북계정 입니다.페이스북계정 입니다.페이스북계정 입니다.페이스북계정 입니다.페이스북계정 입니다.페이스북계정 입니다','11',11000,'EAAHuwQBgho8BABUqhhZCflwbAobuBWt30yA3bPAF0fZBFhwu5DAfPF1ANAp9JZARiZBHNlWdgKn4j4SyoJ2SnaKjLYvVeGXG7Iy2krzh3p9Potf3LLIjaBpijBnUuzS9saM2Y4X0nZBPBIwe1gaqc7xD41yZARHnZCPKD7cJrvwiQZDZD','201610032043','201611081807',7),(54,'weedbutch@gmail.com','a5776cd09772bae30681e97e7831690a3da034b5661137123752bbb8636a0c2d','신민아','/resources/km_upload/user_profile/41373c18-463d-4e40-bcfd-d5966aafd157.jpg','신민아 소개 입니다.','10',10000,NULL,'201610041529','201610041529',0),(55,'chhan@wdfall.com','281e63590a813a9be5160a7fd42cbe34c01f044ee06a5c9cd90b848f559b55ce','chhan','','chhan','00',10000,NULL,'201610051641','201610051655',0),(56,'hhjo@okky.kr','4904a9f01b1185b19e7682f4c707a2f77cac9247e53e7e785d26352a132e7dad','KarenJ_OKKY','/resources/km_upload/user_profile/e4ce0c89-bf06-4899-ab25-fb96ba16659d.jpg','123456789012345678901234567890','11',11800,NULL,'201610061820','201610271409',0),(59,'ekdms717@naver.com','','다으니','','안뇽?','01',10000,'EAAHuwQBgho8BAORgovnDXrgKKn4XBzB3B6lFRZA5B5qnhviZC1WU9R3jWCTUjoH8XZAhXMbd4lOqeM8cd4fQMeEUeHjLsRlHTTGtA16pYZARMjZCZBq5TZAQemmToKrzhBzkDMDTU7YMatZAUnaSOHlPCRTnxaVHSptejxlUWo1vEAZDZD','201610251219','201610251219',0),(60,'hhjo@ekjsp.net','5457e3959a453e7970f1487e84151aaa7726f8f2689b508ff782afdaba49723e','Barbara Palvin','/resources/km_upload/user_profile/8bf363d7-2da8-4bac-aadb-d48c9a58943b.jpeg','Karen_OKJSP','10',10000,NULL,'201610251756','201610251758',0),(61,'hhjo@okjsp.net','4904a9f01b1185b19e7682f4c707a2f77cac9247e53e7e785d26352a132e7dad','Karen_OKJSP','/resources/km_upload/user_profile/70be89d3-3990-4982-b99e-fd3b59b5f36d.jpg','Karen_OKJSP','11',10000,NULL,'201610251806','201611081633',0),(62,'work@opendesign.com','e1b5b59686efa1732d25cbbe41e9164230063d03dc10b597a95e7b14869e2485','김철수','/resources/km_upload/user_profile/8bf363d7-2da8-4bac-aadb-d48c9a58943b.jpeg','테스트 계정입니다.','11',8700,NULL,'201610261836','201611151552',2),(63,'penglover@naver.com','','김명수','','국민대학교 재학중. 소셜마스터에서 인턴중. 비즈북(www.bizbook.kr) 운영중.','00',10000,'EAAHuwQBgho8BAI1dprN7avJYgKvcQGRduowFZBXzWoUiFaP3REtf2e6EKey1QWTvhsOWbiXyFayIyzb7TpnvJge4sT72x9ELQEZC9ZCHCtyLIWXcm5Tc1GCPsZA9Si0hZBSruHeoeZAtopHsYZBZAfIbo5hlBAUbH2LFxptHS1EgWgZDZD','201610281651','201610281651',0),(64,'bin@myfamis.net','1afb87804d3a6a462a49cbe3b7b31b5594d3479d45f56423ba0c4319fbb9f3de','최한빈','/resources/km_upload/user_profile/056c78fb-4482-41ef-8f1b-ff7c04b87398.jpeg','','11',10000,NULL,'201610291026','201611081958',14),(65,'suwer887@gmail.com2','26fa5b868a6ba72b12a654f8a37e1f3cd4803b5eff7b52226a303244ec033a74','뾰뾰','/resources/km_upload/user_profile/27373238-074f-4884-8eef-c59ad73c424e.png','ㅁㄴㅇ','11',10000,NULL,'201610311717','201610311717',0),(66,'suwer887@gmail.com3','ca15187f8399e8239a809c06b36d71d70d9e96788852930c3648aa57bc56285e','QLQL1312','','','10',9998,NULL,'201610311720','201611022030',0),(67,'test0@test.com','a815ba590de90e9b6d70ccf67074f2b597bdc6a2390da13461d4b3384060bf48','test0','','test.com','11',10000,NULL,'201611011218','201611011218',0),(68,'test00@test.com','5f35344dcabff48438613d6510565b1b24ad8dd0e900c82b75802ae7672b6cf4','test00','','test.com','11',20321,NULL,'201611011224','201611011224',0),(69,'test000@test.com','73814fb284de49e0d07d8472c851ec6e4da5b2cf1caef30fbc5f39c32a73992f','test000','','test.com','11',10000,NULL,'201611011237','201611011237',0),(70,'test0000@test.com','4a866e5a906d9cdc9a8259ec6959ca2fb6fe4082ff7738ef2b27466f8fd0fbec','test0000','','test.com','11',10000,NULL,'201611011346','201611011346',0),(71,'hhjo@ebrainconsulting.com','0b867b717ddd2eec02df72ecafdf9680225184761bbece847a913a076570de76','123456789012345678901234567890','/resources/km_upload/user_profile/70539b82-daf8-4b99-833a-b99e453c0064.jpg','1234567890','11',10000,NULL,'201611012335','201611012339',0),(72,'josung50@naver.com','','ㅇㅇㅇㅊㅊㅇ','/resources/km_upload/user_profile/a98d752d-9ce3-444b-a57f-feb066db26d5.jpg','','01',10030,'EAAHuwQBgho8BACLoAq4kYqJcki8dJBv0cHaZAQxPh8Aa0PXZAuLWtaYxzw3Tu2aFXOAlngZAb7RyG4XzpVnFeBvH65Xr9YJQZCUY8Md81kZAlxAFg4EI0BFI64Xx28EEcXDLPDV0wIT0gOXvXisMq7ft7SxZBiAynOQ3ajuZCsYZBQZDZD','201611021755','201611022015',0),(73,'kde713@live.co.kr','','testfb','','testfbfb','10',10000,'EAAHuwQBgho8BAD16Aa5YxpocO0Fjii8nZAbK6onl6HzDGYjqjy68NlwKQXQpr0QTUZAmL9FBXNXHVLmyPdurRRluciWSGdAIkcKZBFThEDmNBNI9VX1Bww9nvi26DOmAo1Hu5KLUHfdidUuAlWnY8kth1mbcrbpuPBLMXsvawZDZD','201611021756','201611021756',0),(74,'josung50@kkk.com','943afbcd21ef406c48ec2d313182e8104e7c0d97d96a384208b3cc53072a4c3f','dddddd','','','01',10000,NULL,'201611021805','201611021805',0),(75,'test00@ruu.kr','4e6e1b41620e0249cf4ed5740497b447fef8eec22680ea6ea880f8d8b17d49e4','test00ruu','','ruu.kr','11',10000,NULL,'201611021808','201611021808',0),(76,'sfsf@kckck.com','aeba68047bf30f73ed20055f8eabe6074c6cb06928587b14194b7c96a8e06949','sfsfccc','','','00',10000,NULL,'201611021829','201611021829',0),(77,'hjh7469@gmail.com','367f9aa31d4eaf8f948f5b8b0dd8a0f8a9efb0219738aa98fc0bf02fc97c9a30','황주','','','00',10044,NULL,'201611021833','201611161433',9),(78,'ckckck@kckkc.com','a1b8ceb8446d2dce23751bcf386f3cbadac3470876fca2dca821bfa1b69e062e','ㅇㅇㅇㅊㅊㅇ','','테스트트트트','11',9985,NULL,'201611021841','201611022016',0),(79,'ccd@com.com','3df3e7f6d06eb0ee85dadedc1a0809f9f2f26d570187479f6de3ef4e031e6f18','cccd','','cddcd','01',9990,NULL,'201611021915','201611021915',0),(80,'0test0@test.com','4f78444d14b6d136037ce59210b001ce3b7e54112a2e5b2e293a630c197b6178','0test0','/resources/km_upload/user_profile/52cbd225-3049-46b9-8527-e35ecf055590.jpg','','11',10000,NULL,'201611021926','201611021926',0),(81,'0test0@test1.com','4bd4668df646152a25364a740c136d327da3b7aa0ee04d72948fef08dd09c1cf','test0test0000','/resources/km_upload/user_profile/04e60c2b-8c84-486a-8f88-392d438feba6.jpg','','11',5000,NULL,'201611021929','201611021929',0),(82,'yeen666@kookmin.ac.kr','0cc1fa173ed9aa3a67b0237b61f4d5650b24e637c1647021ef1c9355caf2a06c','진예진','/resources/km_upload/user_profile/c3d2b784-222d-4b47-a210-1d69021e5764.JPG','진예진입니다.','10',10000,NULL,'201611022025','201611022033',0),(83,'suwer887@gmail.com4','26fa5b868a6ba72b12a654f8a37e1f3cd4803b5eff7b52226a303244ec033a74','김수연1','','김수연','10',10000,NULL,'201611041125','201611041125',0),(84,'kmc@kmc.kmc','4046adfd07181f2f45bb020591d8cbbfe1a1b18361d858bab4dae3998862b973','test','/resources/km_upload/user_profile/2dc51429-7fb9-44a8-8b55-e8b73b8191d6.jpeg','test','10',10000,NULL,'201611041722','201611041722',0),(85,'kmc774@gmail.com','','윤상진','/resources/km_upload/user_profile/d6b8a871-353c-44c2-9fd7-2045012a019b.jpeg','상진윤','10',10000,'EAAHuwQBgho8BAAGLObRisLJ11LR8C7fPcQNIdMHOZCKErs9bQ1yxBEk3RZCQZBOaGFAZCvQbUlhPIiggPligiJMMhDQbOufiKtXnzZAACwvAtQlDdSboJCDWUn3mvjb0iQXnQFouxdk6ovhw4ZCvAGwjz0SN473ttZBgGrgup7cJQZDZD','201611041727','201611041727',0),(86,'yucks@naver.com','','성민','','쉣','10',10000,'EAAHuwQBgho8BADVjOPAA2pGdLIBpnZCb8x6q1T6hZCw4qDi5AKIDQE7S6ZByO6XNcdF6fg6dZBoU41P1HoAt8IOPwPViZAcX8Eu3U2eA1lXkHNHbNZAGH0PExgyFPToRIQfGKMTfw1eXPc3nkxCq8O84ZAVXIH6Ker5UVQ6EOXMagZDZD','201611042204','201611042204',0),(87,'seaoh2@wdfall.com','d0923aa2b543b2ef750877200e97b71073eab669b013cd567728cfd339d60018','오세천2','/resources/km_upload/user_profile/109ed610-3898-467d-9eb7-bff6da0916b2.png','1234567890123456789012345678901234567890123456789012345678901234567890123456789012345678901234567890\r\n1234567890123456789012345678901234567890123456789012345678901234567890123456789012345678901234567890\r\n1234567890123456789012345678901234567890123456789012345678901234567890123456789012345678901234567890\r\n1234567890123456789012345678901234567890123456789012345678901234567890123456789012345678901234567890\r\n1234567890123456789012345678901234567890123456789012345678901234567890123456789012345678901234567890\r\n1234567890123456789012345678901234567890123456789012345678901234567890123456789012345678901234567890\r\n1234567890123456789012345678901234567890123456789012345678901234567890123456789012345678901234567890\r\n1234567890123456789012345678901234567890123456789012345678901234567890123456789012345678901234567890\r\n1234567890123456789012345678901234567890123456789012345678901234567890123456789012345678901234567890\r\n123456789012345678901234567890123456789012345678901234567890123456789012345678901','10',9700,NULL,'201611081808','201611081808',1),(88,'zeta1@naver.com','0ee48e6ed838644ec6855289eb04dd642d94dc0343f2a7cde6d020810ba7a813','choi','/resources/km_upload/user_profile/4555387d-79da-44a7-b615-eb7fa06a6eeb.png','','10',10000,NULL,'201611151553','201611151553',2),(89,'gudwns999@naver.com1','26fa5b868a6ba72b12a654f8a37e1f3cd4803b5eff7b52226a303244ec033a74','ㄱ','/resources/km_upload/user_profile/5f34b90b-4839-4a29-a14a-88927c15f712.png','ㅁㄴㅇㄹㅁㄴㅇㄹㅁㄴㅇㄹㅁㄴㅇㄹㅁㄴㅇㄹㅁㄴㅇㄹㅁㄴㅇㄹㅁㄴㅇㄹㅁㄴㅇㄹㅁㄴㅇㄹㅁㄴㅇㄹㅁㄴㅇㄹㅁㄴㅇㄹㅁㄴㅇㄹㅁㄴㅇㄹㅁㄴㅇㄹㅁㄴㅇㄹㅁㄴㅇㄹㅁㄴㅇㄹㅁㄴㅇㄹㅁㄴㅇㄹㅁㄴㅇㄹㅁㄴㅇㄹㅁㄴㅇㄹㅁㄴㅇㄹㅁㄴㅇㄹㅁㄴㅇㄹㅁㄴㅇㄹㅁㄴㅇㄹㅁㄴㅇㄹㅁㄴㅇㄹㅁㄴㅇㄹㅁㄴㅇㄹㅁㄴㅇㄹㅁㄴㅇㄹㅁㄴㅇㄹㅁㄴㅇㄹㅁㄴㅇㄹㅁㄴㅇㄹㅁㄴㅇㄹㅁㄴㅇㄹㅁㄴㅇㄹㅁㄴㅇㄹㅁㄴㅇㄹㅁㄴㅇㄹㅁㄴㅇㄹㅁㄴㅇㄹㅁㄴㅇㄹㅁㄴㅇㄹㅁㄴㅇㄹㅁㄴㅇㄹㅁㄴㅇㄹㅁㄴㅇㄹㅁㄴㅇㄹㅁㄴㅇㄹㅁㄴㅇㄹㅁㄴㅇㄹㅁㄴㅇㄹㅁㄴㅇㄹㅁㄴㅇㄹㅁㄴㅇㄹㅁㄴㅇㄹㅁㄴㅇㄹㅁㄴㅇㄹㅁㄴㅇㄹㅁㄴㅇㄹㅁㄴㅇㄹㅁㄴㅇㄹㅁㄴㅇㄹㅁㄴㅇㄹㅁㄴㅇㄹㅁㄴㅇㄹㅁㄴㅇㄹㅁㄴㅇㄹㅁㄴㅇㄹㅁㄴㅇㄹㅁㄴㅇㄹㅁㄴㅇㄹㅁㄴㅇㄹㅁㄴㅇㄹㅁㄴㅇㄹㅁㄴㅇㄹㅁㄴㅇㄹㅁㄴㅇㄹㅁㄴㅇㄹㅁㄴㅇㄹㅁㄴㅇㄹㅁㄴㅇㄹㅁㄴㅇㄹㅁㄴㅇㄹㅁㄴㅇㄹㅁㄴㅇㄹㅁㄴㅇㄹㅁㄴㅇㄹㅁㄴㅇㄹㅁㄴㅇㄹㅁㄴㅇㄹㅁㄴㅇㄹㅁㄴㅇㄹㅁㄴㅇㄹㅁㄴㅇㄹㅁㄴㅇㄹㅁㄴㅇㄹㅁㄴㅇㄹㅁㄴㅇㄹㅁㄴㅇㄹㅁㄴㅇㄹㅁㄴㅇㄹㅁㄴㅇㄹㅁㄴㅇㄹㅁㄴㅇㄹㅁㄴㅇㄹㅁㄴㅇㄹㅁㄴㅇㄹㅁㄴㅇㄹㅁㄴㅇㄹㅁㄴㅇㄹㅁㄴㅇㄹㅁㄴㅇㄹㅁㄴㅇㄹㅁㄴㅇㄹㅁㄴㅇㄹㅁㄴㅇㄹㅁㄴㅇㄹㅁㄴㅇㄹㅁㄴㅇㄹㅁㄴㅇㄹㅁㄴㅇㄹㅁㄴㅇㄹㅁㄴㅇㄹㅁㄴㅇㄹㅁㄴㅇㄹㅁㄴㅇㄹㅁㄴㅇㄹㅁㄴㅇㄹㅁㄴㅇㄹㅁㄴㅇㄹㅁㄴㅇㄹㅁㄴㅇㄹㅁㄴㅇㄹㅁㄴㅇㄹㅁㄴㅇㄹㅁㄴㅇㄹㅁㄴㅇㄹㅁㄴㅇㄹㅁㄴㅇㄹㅁㄴㅇㄹㅁㄴㅇㄹㅁㄴㅇㄹㅁㄴㅇㄹㅁㄴㅇㄹㅁㄴㅇㄹㅁㄴㅇㄹㅁㄴㅇㄹㅁㄴㅇㄹㅁㄴㅇㄹㅁㄴㅇㄹㅁㄴㅇㄹㅁㄴㅇㄹㅁㄴㅇㄹㅁㄴㅇㄹㅁㄴㅇㄹㅁㄴㅇㄹㅁㄴㅇㄹㅁㄴㅇㄹㅁㄴㅇㄹㅁㄴㅇㄹㅁㄴㅇㄹㅁㄴㅇㄹㅁㄴㅇㄹㅁㄴㅇㄹㅁㄴㅇㄹㅁㄴㅇㄹㅁㄴㅇㄹㅁㄴㅇㄹㅁㄴㅇㄹㅁㄴㅇㄹㅁㄴㅇㄹㅁㄴㅇㄹㅁㄴㅇㄹㅁㄴㅇㄹㅁㄴㅇㄹㅁㄴㅇㄹㅁㄴㅇㄹㅁㄴㅇㄹㅁㄴㅇㄹㅁㄴㅇㄹㅁㄴㅇㄹㅁㄴㅇㄹㅁㄴㅇㄹㅁㄴㅇㄹㅁㄴㅇㄹㅁㄴㅇㄹㅁㄴㅇㄹㅁㄴㅇㄹㅁㄴㅇㄹㅁㄴㅇㄹㅁㄴㅇㄹㅁㄴㅇㄹㅁㄴㅇㄹㅁㄴㅇㄹㅁㄴㅇㄹㅁㄴㅇㄹㅁㄴㅇㄹㅁㄴㅇㄹㅁㄴㅇㄹㅁㄴㅇㄹㅁㄴㅇㄹㅁㄴㅇㄹㅁㄴㅇㄹㅁㄴㅇㄹㅁㄴㅇㄹㅁㄴㅇㄹㅁㄴㅇㄹㅁㄴㅇㄹㅁㄴㅇㄹㅁㄴㅇㄹㅁㄴㅇㄹㅁㄴㅇㄹㅁㄴㅇㄹㅁㄴㅇㄹㅁㄴㅇㄹㅁㄴㅇㄹㅁㄴㅇㄹㅁㄴㅇㄹㅁㄴㅇㄹㅁㄴㅇㄹㅁㄴㅇㄹㅁㄴㅇㄹㅁㄴㅇㄹㅁㄴㅇㄹㅁㄴㅇㄹㅁㄴㅇㄹㅁㄴㅇㄹㅁㄴㅇㄹㅁㄴㅇㄹㅁㄴㅇㄹㅁㄴㅇㄹㅁㄴㅇㄹㅁㄴㅇㄹㅁㄴㅇㄹㅁㄴㅇㄹㅁㄴㅇㄹㅁㄴㅇㄹㅁㄴㅇㄹㅁㄴㅇㄹㅁㄴㅇㄹㅁㄴㅇㄹㅁㄴㅇㄹㅁㄴㅇㄹ','00',10000,NULL,'201611152054','201611152055',9),(90,'gudwns999@naver.com2','26fa5b868a6ba72b12a654f8a37e1f3cd4803b5eff7b52226a303244ec033a74','ㅁㄴㅇ','','ㅁㄴㅇㄹㅁㄴㅇㄹㅁㄴㅇㄹㅁㄴㅇㄹㅁㄴㅇㄹㅁㄴㅇㄹㅁㄴㅇㄹㅁㄴㅇㄹㅁㄴㅇㄹㅁㄴㅇㄹㅁㄴㅇㄹㅁㄴㅇㄹㅁㄴㅇㄹㅁㄴㅇㄹㅁㄴㅇㄹㅁㄴㅇㄹㅁㄴㅇㄹㅁㄴㅇㄹㅁㄴㅇㄹㅁㄴㅇㄹㅁㄴㅇㄹㅁㄴㅇㄹㅁㄴㅇㄹㅁㄴㅇㄹㅁㄴㅇㄹㅁㄴㅇㄹㅁㄴㅇㄹㅁㄴㅇㄹㅁㄴㅇㄹㅁㄴㅇㄹㅁㄴㅇㄹㅁㄴㅇㄹㅁㄴㅇㄹㅁㄴㅇㄹㅁㄴㅇㄹㅁㄴㅇㄹㅁㄴㅇㄹㅁㄴㅇㄹㅁㄴㅇㄹㅁㄴㅇㄹㅁㄴㅇㄹㅁㄴㅇㄹㅁㄴㅇㄹㅁㄴㅇㄹㅁㄴㅇㄹㅁㄴㅇㄹㅁㄴㅇㄹㅁㄴㅇㄹㅁㄴㅇㄹㅁㄴㅇㄹㅁㄴㅇㄹㅁㄴㅇㄹㅁㄴㅇㄹㅁㄴㅇㄹㅁㄴㅇㄹㅁㄴㅇㄹㅁㄴㅇㄹㅁㄴㅇㄹㅁㄴㅇㄹㅁㄴㅇㄹㅁㄴㅇㄹㅁㄴㅇㄹㅁㄴㅇㄹㅁㄴㅇㄹㅁㄴㅇㄹㅁㄴㅇㄹㅁㄴㅇㄹㅁㄴㅇㄹㅁㄴㅇㄹㅁㄴㅇㄹㅁㄴㅇㄹㅁㄴㅇㄹㅁㄴㅇㄹㅁㄴㅇㄹㅁㄴㅇㄹㅁㄴㅇㄹㅁㄴㅇㄹㅁㄴㅇㄹㅁㄴㅇㄹㅁㄴㅇㄹㅁㄴㅇㄹㅁㄴㅇㄹㅁㄴㅇㄹㅁㄴㅇㄹㅁㄴㅇㄹㅁㄴㅇㄹㅁㄴㅇㄹㅁㄴㅇㄹㅁㄴㅇㄹㅁㄴㅇㄹㅁㄴㅇㄹㅁㄴㅇㄹㅁㄴㅇㄹㅁㄴㅇㄹㅁㄴㅇㄹㅁㄴㅇㄹㅁㄴㅇㄹㅁㄴㅇㄹㅁㄴㅇㄹㅁㄴㅇㄹㅁㄴㅇㄹㅁㄴㅇㄹㅁㄴㅇㄹㅁㄴㅇㄹㅁㄴㅇㄹㅁㄴㅇㄹㅁㄴㅇㄹㅁㄴㅇㄹㅁㄴㅇㄹㅁㄴㅇㄹㅁㄴㅇㄹㅁㄴㅇㄹㅁㄴㅇㄹㅁㄴㅇㄹㅁㄴㅇㄹㅁㄴㅇㄹㅁㄴㅇㄹㅁㄴㅇㄹㅁㄴㅇㄹㅁㄴㅇㄹㅁㄴㅇㄹㅁㄴㅇㄹㅁㄴㅇㄹㅁㄴㅇㄹㅁㄴㅇㄹㅁㄴㅇㄹㅁㄴㅇㄹㅁㄴㅇㄹㅁㄴㅇㄹㅁㄴㅇㄹㅁㄴㅇㄹㅁㄴㅇㄹㅁㄴㅇㄹㅁㄴㅇㄹㅁㄴㅇㄹㅁㄴㅇㄹㅁㄴㅇㄹㅁㄴㅇㄹㅁㄴㅇㄹㅁㄴㅇㄹㅁㄴㅇㄹㅁㄴㅇㄹㅁㄴㅇㄹㅁㄴㅇㄹㅁㄴㅇㄹㅁㄴㅇㄹㅁㄴㅇㄹㅁㄴㅇㄹㅁㄴㅇㄹㅁㄴㅇㄹㅁㄴㅇㄹㅁㄴㅇㄹㅁㄴㅇㄹㅁㄴㅇㄹㅁㄴㅇㄹㅁㄴㅇㄹㅁㄴㅇㄹㅁㄴㅇㄹㅁㄴㅇㄹㅁㄴㅇㄹㅁㄴㅇㄹㅁㄴㅇㄹㅁㄴㅇㄹㅁㄴㅇㄹㅁㄴㅇㄹㅁㄴㅇㄹㅁㄴㅇㄹㅁㄴㅇㄹㅁㄴㅇㄹㅁㄴㅇㄹㅁㄴㅇㄹㅁㄴㅇㄹㅁㄴㅇㄹㅁㄴㅇㄹㅁㄴㅇㄹㅁㄴㅇㄹㅁㄴㅇㄹㅁㄴㅇㄹㅁㄴㅇㄹㅁㄴㅇㄹㅁㄴㅇㄹㅁㄴㅇㄹㅁㄴㅇㄹㅁㄴㅇㄹㅁㄴㅇㄹㅁㄴㅇㄹㅁㄴㅇㄹㅁㄴㅇㄹㅁㄴㅇㄹㅁㄴㅇㄹㅁㄴㅇㄹㅁㄴㅇㄹㅁㄴㅇㄹㅁㄴㅇㄹㅁㄴㅇㄹㅁㄴㅇㄹㅁㄴㅇㄹㅁㄴㅇㄹㅁㄴㅇㄹㅁㄴㅇㄹㅁㄴㅇㄹㅁㄴㅇㄹㅁㄴㅇㄹㅁㄴㅇㄹㅁㄴㅇㄹㅁㄴㅇㄹㅁㄴㅇㄹㅁㄴㅇㄹㅁㄴㅇㄹㅁㄴㅇㄹㅁㄴㅇㄹㅁㄴㅇㄹㅁㄴㅇㄹㅁㄴㅇㄹㅁㄴㅇㄹㅁㄴㅇㄹㅁㄴㅇㄹㅁㄴㅇㄹㅁㄴㅇㄹㅁㄴㅇㄹㅁㄴㅇㄹㅁㄴㅇㄹㅁㄴㅇㄹㅁㄴㅇㄹㅁㄴㅇㄹㅁㄴㅇㄹㅁㄴㅇㄹㅁㄴㅇㄹㅁㄴㅇㄹㅁㄴㅇㄹㅁㄴㅇㄹㅁㄴㅇㄹㅁㄴㅇㄹㅁㄴㅇㄹㅁㄴㅇㄹㅁㄴㅇㄹㅁㄴㅇㄹㅁㄴㅇㄹㅁㄴㅇㄹㅁㄴㅇㄹㅁㄴㅇㄹㅁㄴㅇㄹㅁㄴㅇㄹㅁㄴㅇㄹㅁㄴㅇㄹㅁㄴㅇㄹㅁㄴㅇㄹㅁㄴㅇㄹㅁㄴㅇㄹㅁㄴㅇㄹ','00',4236,NULL,'201611152056','201611152119',14),(91,'suwer887@gmail.com23','26fa5b868a6ba72b12a654f8a37e1f3cd4803b5eff7b52226a303244ec033a74','김수연23333','/resources/km_upload/user_profile/8599bb47-112e-4638-bcf6-49c101845bd0.jpg','김수연','10',10000,NULL,'201611181408','201611181408',3);

/*Table structure for table `t_member_category` */

DROP TABLE IF EXISTS `t_member_category`;

CREATE TABLE `t_member_category` (
  `member_seq` int(11) NOT NULL COMMENT '회원seq',
  `category_code` varchar(9) COLLATE utf8_bin NOT NULL COMMENT '카테고리코드',
  `register_time` char(12) COLLATE utf8_bin DEFAULT NULL COMMENT '등록일시',
  PRIMARY KEY (`member_seq`,`category_code`)
) ENGINE=InnoDB DEFAULT CHARSET=utf8 COLLATE=utf8_bin;

/*Data for the table `t_member_category` */

insert  into `t_member_category`(`member_seq`,`category_code`,`register_time`) values (36,'001','201609261036'),(37,'001','201609261048'),(38,'002','201609261351'),(39,'002','201609261538'),(41,'003','201611081635'),(42,'001','201610262015'),(43,'001','201611022030'),(44,'003','201610141519'),(45,'001','201609281639'),(47,'002','201609281642'),(48,'001','201610262035'),(51,'001','201610262049'),(52,'001','201609291723'),(53,'001','201611081807'),(54,'001','201610041529'),(55,'001','201610051655'),(56,'001','201610271409'),(60,'001','201610251758'),(61,'001','201611081633'),(62,'001','201611151552'),(63,'003001','201610281651'),(64,'001','201611081958'),(65,'002001','201610311717'),(66,'001','201611022030'),(67,'001006','201611011218'),(68,'001','201611011224'),(69,'001','201611011237'),(70,'001','201611011346'),(71,'001','201611012339'),(72,'002001','201611022015'),(73,'001','201611021756'),(74,'001002','201611021805'),(75,'002003','201611021808'),(76,'003001','201611021829'),(77,'004002','201611161433'),(78,'002003','201611022016'),(79,'001','201611021915'),(80,'001','201611021926'),(81,'001003','201611021929'),(82,'003004','201611022033'),(83,'003001','201611041125'),(84,'001','201611041722'),(85,'001','201611041727'),(86,'001002','201611042204'),(87,'001','201611081808'),(88,'001002','201611151553'),(89,'001003','201611152055'),(90,'001','201611152119'),(91,'005002','201611181408');

/*Table structure for table `t_order` */

DROP TABLE IF EXISTS `t_order`;

CREATE TABLE `t_order` (
  `design_work_seq` int(11) DEFAULT NULL,
  `register_time` char(12) COLLATE utf8_bin DEFAULT NULL,
  `point` int(11) DEFAULT NULL,
  `delivery_info` varchar(1000) COLLATE utf8_bin DEFAULT NULL,
  `status` varchar(1) COLLATE utf8_bin DEFAULT NULL,
  `member_seq` int(11) DEFAULT NULL,
  `seq` int(11) NOT NULL AUTO_INCREMENT,
  PRIMARY KEY (`seq`),
  KEY `design_work_seq` (`design_work_seq`),
  KEY `member_seq` (`member_seq`)
) ENGINE=InnoDB AUTO_INCREMENT=46 DEFAULT CHARSET=utf8 COLLATE=utf8_bin;

/*Data for the table `t_order` */

insert  into `t_order`(`design_work_seq`,`register_time`,`point`,`delivery_info`,`status`,`member_seq`,`seq`) values (63,'201610310025',0,'',NULL,53,4),(63,'201610310025',0,'',NULL,53,5),(63,'201610310025',0,'',NULL,53,6),(63,'201610310949',0,'',NULL,62,7),(54,'201610310949',0,'',NULL,62,8),(64,'201610310949',400,'',NULL,62,9),(41,'201610310949',0,'',NULL,62,10),(53,'201610310950',0,'',NULL,62,11),(52,'201610310950',0,'',NULL,62,12),(60,'201610310950',900,'',NULL,62,13),(60,'201610311409',900,'받는 사람: 조혜현 | 전화 번호: 01077499226 | 주소:  서울시 구로구 디지털로26길 111 JnK디지털타워 1410호 (주)이브레인',NULL,41,14),(26,'201611010233',0,'',NULL,43,15),(66,'201611020007',0,'받는 사람: 조 | 전화 번호: 01 | 주소:   ',NULL,41,16),(69,'201611021842',1,'받는 사람: 김수연 | 전화 번호: 013554564 | 주소: 돈암동 돈암동 돈암동',NULL,66,17),(74,'201611021855',0,'받는 사람: dasd | 전화 번호: sdasd | 주소:   ',NULL,66,18),(69,'201611021855',1,'',NULL,66,19),(71,'201611021859',0,'',NULL,77,20),(77,'201611021913',10,'받는 사람: ㅇㅇㅇ | 전화 번호: ㅇㅇㅇ | 주소: ㅇㅇ ㅇㅇ ㅇㅇ',NULL,78,21),(77,'201611021918',10,'',NULL,79,22),(82,'201611022004',5000,'받는 사람: aetgasedgs | 전화 번호: asdfadfadsgfdsg | 주소: sdvcz xvazdbdsx uyhxrg',NULL,81,23),(75,'201611022024',4,'',NULL,78,24),(53,'201611022024',0,'',NULL,78,25),(49,'201611022024',0,'',NULL,78,26),(42,'201611022025',0,'',NULL,78,27),(66,'201611022035',0,'',NULL,78,28),(27,'201611022035',0,'',NULL,78,29),(73,'201611022035',0,'',NULL,78,30),(70,'201611022036',0,'',NULL,78,31),(72,'201611022036',0,'',NULL,78,32),(69,'201611022036',1,'',NULL,78,33),(84,'201611041318',0,'',NULL,53,34),(75,'201611041330',4,'',NULL,36,35),(86,'201611081809',300,'',NULL,87,36),(8,'201611152105',100,'받는 사람: ㅇㅁㄴㅇ | 전화 번호: ㅁㄴㅇ | 주소: ㅁㄴㅇ ㅁㄴㅇ',NULL,90,37),(86,'201611152106',300,'',NULL,90,38),(80,'201611152116',2,'',NULL,90,39),(75,'201611152117',4,'',NULL,90,40),(76,'201611152117',7,'',NULL,90,41),(81,'201611152117',20,'',NULL,90,42),(77,'201611152117',10,'',NULL,90,43),(82,'201611152117',5000,'',NULL,90,44),(83,'201611152118',321,'',NULL,90,45);

/*Table structure for table `t_pgroup` */

DROP TABLE IF EXISTS `t_pgroup`;

CREATE TABLE `t_pgroup` (
  `group_name` varchar(50) COLLATE utf8_bin NOT NULL,
  `seq` int(11) NOT NULL AUTO_INCREMENT,
  `member_seq` int(11) DEFAULT NULL,
  `register_time` char(12) COLLATE utf8_bin DEFAULT NULL,
  `update_time` char(12) COLLATE utf8_bin DEFAULT NULL,
  PRIMARY KEY (`seq`),
  KEY `member_seq` (`member_seq`)
) ENGINE=InnoDB AUTO_INCREMENT=38 DEFAULT CHARSET=utf8 COLLATE=utf8_bin;

/*Data for the table `t_pgroup` */

insert  into `t_pgroup`(`group_name`,`seq`,`member_seq`,`register_time`,`update_time`) values ('디자인프로젝트1',12,37,'201609261331','201609261331'),('모듈라 스마트 패션',13,40,'201609271239','201609271239'),('가나다라',15,41,'201609280239','201609280239'),('마바사',16,41,'201609280239','201609280239'),('한복그룹',22,36,'201610261855','201610261855'),('의상그룹',23,62,'201610262101','201610262101'),('ㅏㅏ',24,43,'201611010004','201611010004'),('ㅁㄴㅇ',25,43,'201611010058','201611010058'),('아헤버펜',26,46,'201611021956','201611021956'),('문제가 많네',27,81,'201611022006','201611022006'),('ㅇㅇㅇ',31,72,'201611022102','201611022102'),('그룹test',32,36,'201611041348','201611041348'),('FB 그룹',33,53,'201611041713','201611041713'),('윤상진그룹',34,85,'201611041738','201611041738'),('2016 국민대 자율주행 전기자동차',35,40,'201611081047','201611081047'),('fgh',36,90,'201611152122','201611152122'),('ㅁㄴㅇㄹ',37,90,'201611152123','201611152123');

/*Table structure for table `t_pgroup_project` */

DROP TABLE IF EXISTS `t_pgroup_project`;

CREATE TABLE `t_pgroup_project` (
  `project_group_seq` int(11) NOT NULL,
  `project_seq` int(11) NOT NULL,
  `register_time` char(12) COLLATE utf8_bin DEFAULT NULL,
  PRIMARY KEY (`project_group_seq`,`project_seq`)
) ENGINE=InnoDB DEFAULT CHARSET=utf8 COLLATE=utf8_bin;

/*Data for the table `t_pgroup_project` */

insert  into `t_pgroup_project`(`project_group_seq`,`project_seq`,`register_time`) values (15,27,'201611012319'),(15,35,'201611012320'),(22,25,'201610261857'),(23,36,'201610262104'),(32,57,'201611041349'),(32,58,'201611041351'),(33,39,'201611041714');

/*Table structure for table `t_pgroup_project_req` */

DROP TABLE IF EXISTS `t_pgroup_project_req`;

CREATE TABLE `t_pgroup_project_req` (
  `seq` int(11) NOT NULL AUTO_INCREMENT COMMENT 'seq',
  `project_group_seq` int(11) DEFAULT NULL COMMENT '신청그룹seq',
  `project_seq` int(11) DEFAULT NULL COMMENT '신청프로젝트seq',
  `status` char(1) COLLATE utf8_bin DEFAULT '0' COMMENT '상태:0대기,1성공,2실패',
  `register_time` char(12) COLLATE utf8_bin DEFAULT NULL COMMENT '신청일시',
  `update_time` char(12) COLLATE utf8_bin DEFAULT NULL COMMENT '변경일시',
  PRIMARY KEY (`seq`)
) ENGINE=InnoDB AUTO_INCREMENT=11 DEFAULT CHARSET=utf8 COLLATE=utf8_bin COMMENT='그룹신청';

/*Data for the table `t_pgroup_project_req` */

insert  into `t_pgroup_project_req`(`seq`,`project_group_seq`,`project_seq`,`status`,`register_time`,`update_time`) values (1,22,25,'1','201610261857','201610261857'),(3,23,36,'1','201610262104','201610262104'),(4,15,27,'1','201611012319','201611012319'),(5,15,35,'1','201611012319','201611012320'),(6,15,41,'0','201611020005','201611020005'),(7,32,57,'1','201611041348','201611041349'),(8,32,58,'1','201611041351','201611041351'),(9,33,39,'1','201611041713','201611041714');

/*Table structure for table `t_point_history` */

DROP TABLE IF EXISTS `t_point_history`;

CREATE TABLE `t_point_history` (
  `sign` varchar(1) COLLATE utf8_bin DEFAULT NULL,
  `amount` int(11) DEFAULT NULL,
  `accum_amount` int(11) DEFAULT NULL,
  `register_time` char(12) COLLATE utf8_bin DEFAULT NULL,
  `member_seq` int(11) DEFAULT NULL,
  `order_seq` int(11) DEFAULT NULL,
  `seq` int(11) NOT NULL AUTO_INCREMENT,
  `comments` varchar(1000) COLLATE utf8_bin DEFAULT NULL,
  PRIMARY KEY (`seq`),
  KEY `member_seq` (`member_seq`),
  KEY `order_seq` (`order_seq`)
) ENGINE=InnoDB AUTO_INCREMENT=89 DEFAULT CHARSET=utf8 COLLATE=utf8_bin;

/*Data for the table `t_point_history` */

insert  into `t_point_history`(`sign`,`amount`,`accum_amount`,`register_time`,`member_seq`,`order_seq`,`seq`,`comments`) values ('C',0,10000,'201610310025',53,4,5,''),('S',0,10000,'201610310025',64,4,6,''),('C',0,10000,'201610310025',53,5,7,''),('S',0,10000,'201610310025',64,5,8,''),('C',0,10000,'201610310025',53,6,9,''),('S',0,10000,'201610310025',64,6,10,''),('C',0,10000,'201610310949',62,7,11,''),('S',0,10000,'201610310949',64,7,12,''),('C',0,10000,'201610310949',62,8,13,''),('S',0,10000,'201610310949',48,8,14,''),('C',400,9600,'201610310949',62,9,15,''),('S',400,10400,'201610310949',53,9,16,''),('C',0,9600,'201610310949',62,10,17,''),('S',0,9600,'201610310949',62,10,18,''),('C',0,9600,'201610310950',62,11,19,''),('S',0,9600,'201610310950',62,11,20,''),('C',0,9600,'201610310950',62,12,21,''),('S',0,10000,'201610310950',48,12,22,''),('C',900,8700,'201610310950',62,13,23,''),('S',900,10900,'201610310950',56,13,24,''),('C',900,9100,'201610311409',41,14,25,''),('S',900,11800,'201610311409',56,14,26,''),('C',0,10000,'201611010233',43,15,27,''),('S',0,9100,'201611010233',41,15,28,''),('C',0,9100,'201611020007',41,16,29,''),('S',0,9100,'201611020007',41,16,30,''),('C',1,9999,'201611021842',66,17,31,''),('S',1,10001,'201611021842',77,17,32,''),('C',0,9999,'201611021855',66,18,33,''),('S',0,9999,'201611021855',66,18,34,''),('C',1,9998,'201611021855',66,19,35,''),('S',1,10002,'201611021855',77,19,36,''),('C',0,10002,'201611021859',77,20,37,''),('S',0,9998,'201611021859',66,20,38,''),('C',10,9990,'201611021913',78,21,39,''),('S',10,10010,'201611021913',72,21,40,''),('C',10,9990,'201611021918',79,22,41,''),('S',10,10020,'201611021918',72,22,42,''),('C',5000,5000,'201611022004',81,23,43,''),('S',5000,15000,'201611022004',68,23,44,''),('C',4,9986,'201611022024',78,24,45,''),('S',4,10006,'201611022024',77,24,46,''),('C',0,9986,'201611022024',78,25,47,''),('S',0,8700,'201611022024',62,25,48,''),('C',0,9986,'201611022024',78,26,49,''),('S',0,10000,'201611022024',43,26,50,''),('C',0,9986,'201611022025',78,27,51,''),('S',0,8700,'201611022025',62,27,52,''),('C',0,9986,'201611022035',78,28,53,''),('S',0,9100,'201611022035',41,28,54,''),('C',0,9986,'201611022035',78,29,55,''),('S',0,9100,'201611022035',41,29,56,''),('C',0,9986,'201611022035',78,30,57,''),('S',0,9998,'201611022035',66,30,58,''),('C',0,9986,'201611022036',78,31,59,''),('S',0,9998,'201611022036',66,31,60,''),('C',0,9986,'201611022036',78,32,61,''),('S',0,9998,'201611022036',66,32,62,''),('C',1,9985,'201611022036',78,33,63,''),('S',1,10007,'201611022036',77,33,64,''),('C',0,10400,'201611041318',53,34,65,'sdfgsdfgsdfg'),('S',0,9998,'201611041318',66,34,66,'sdfgsdfgsdfg'),('C',4,9696,'201611041330',36,35,67,'경시대회'),('S',4,10011,'201611041330',77,35,68,'경시대회'),('C',300,9700,'201611081809',87,36,69,'FB계정의 첫 작품'),('S',300,10700,'201611081809',53,36,70,'FB계정의 첫 작품'),('C',100,9900,'201611152105',90,37,71,'작품-송2, ㅁㄴㅇ ㅁㄴㅇ'),('S',100,10300,'201611152105',38,37,72,'작품-송2, ㅁㄴㅇ ㅁㄴㅇ'),('C',300,9600,'201611152106',90,38,73,'FB계정의 첫 작품'),('S',300,11000,'201611152106',53,38,74,'FB계정의 첫 작품'),('C',2,9598,'201611152116',90,39,75,'주황주황'),('S',2,10013,'201611152116',77,39,76,'주황주황'),('C',4,9594,'201611152117',90,40,77,'경시대회'),('S',4,10017,'201611152117',77,40,78,'경시대회'),('C',7,9587,'201611152117',90,41,79,'색깔'),('S',7,10024,'201611152117',77,41,80,'색깔'),('C',20,9567,'201611152117',90,42,81,'라'),('S',20,10044,'201611152117',77,42,82,'라'),('C',10,9557,'201611152117',90,43,83,'테스테스테스트 작푸우우우우우므ㅡㅡㅡㅡㅡㅡㅡ'),('S',10,10030,'201611152117',72,43,84,'테스테스테스트 작푸우우우우우므ㅡㅡㅡㅡㅡㅡㅡ'),('C',5000,4557,'201611152117',90,44,85,'가느다란 물방울'),('S',5000,20000,'201611152117',68,44,86,'가느다란 물방울'),('C',321,4236,'201611152118',90,45,87,'ㅇㅅㅇ'),('S',321,20321,'201611152118',68,45,88,'ㅇㅅㅇ');

/*Table structure for table `t_project` */

DROP TABLE IF EXISTS `t_project`;

CREATE TABLE `t_project` (
  `public_yn` varchar(1) COLLATE utf8_bin DEFAULT NULL,
  `project_name` varchar(200) COLLATE utf8_bin DEFAULT NULL,
  `progress_status` varchar(1) COLLATE utf8_bin DEFAULT NULL,
  `seq` int(11) NOT NULL AUTO_INCREMENT,
  `file_url` varchar(200) COLLATE utf8_bin DEFAULT NULL,
  `register_time` char(12) COLLATE utf8_bin DEFAULT NULL,
  `update_time` char(12) COLLATE utf8_bin DEFAULT NULL,
  `owner_seq` int(11) DEFAULT NULL,
  `file_name` varchar(256) COLLATE utf8_bin DEFAULT NULL,
  `del_flag` char(1) COLLATE utf8_bin DEFAULT 'N' COMMENT '삭제flag(Y,N)',
  PRIMARY KEY (`seq`),
  KEY `owner_seq` (`owner_seq`)
) ENGINE=InnoDB AUTO_INCREMENT=65 DEFAULT CHARSET=utf8 COLLATE=utf8_bin;

/*Data for the table `t_project` */

insert  into `t_project`(`public_yn`,`project_name`,`progress_status`,`seq`,`file_url`,`register_time`,`update_time`,`owner_seq`,`file_name`,`del_flag`) values ('Y','프로젝트1','P',22,'/resources/km_upload/project/2bcfe5ef-30a1-4ab5-b785-99963b2148f5.jpg','201609261038','201609300957',36,'project1.jpg','N'),('N','프로젝트2-진행','P',23,'/resources/km_upload/project/bc065b61-32fd-42a2-9a7b-7186b0bd522f.jpg','201609261332','201611041337',36,'project1.jpg','Y'),('Y','project test','P',24,'/resources/km_upload/project/190cbd33-f31e-43d2-8a93-04b294e6b0b6.jpg','201609261344','201610261954',37,'2.jpg','N'),('N','한복1','P',25,'/resources/km_upload/project/cd0e469c-4bef-45a0-9c92-43e61a1f04a6.jpg','201609261403','201610261856',38,NULL,'N'),('Y','스마트 패션','P',26,'/resources/km_upload/project/f3c1d7e6-b2ea-4c51-878c-46401d9db52c.jpg','201609271241','201611151133',40,'1.jpg','N'),('Y','TEST_OSD_OMG','C',27,'/resources/km_upload/project/779fc5dc-a3fd-44ba-9963-90f294cbd80e.jpg','201609280243','201611012349',41,NULL,'N'),('Y','TEST_OSD_finished','C',28,'/resources/km_upload/project/abf91180-92c1-4e62-8e76-d6bcd9c566a6.jpg','201609280326','201609280326',41,NULL,'N'),('N','TEST_OSD_비공개','P',29,'/resources/km_upload/project/48154495-2d98-4cb0-84a8-76a226bc93c3.jpg','201609280331','201609280333',41,NULL,'N'),('N','프로젝트 테스트입니다.','P',30,'/resources/km_upload/project/2935344d-0625-40f5-9350-f643e3a410c8.jpg','201609281455','201611022029',42,'1.jpg','N'),('Y','프로젝트 수덜2ㅇㅁㄹ니ㅏㅓㄹ밍너림니ㅏㅇ리ㅏㅁㅇ니ㅏ러미ㅏㄹ엄ㅇ니ㅏㄹ머ㅣㅏㅇ리ㅏㄴ멂;ㅇㄴ리ㅏㅇㄴㅁ;리ㅏ리ㅏㄴㅁㄻ;ㄹ이ㅏ멍니ㅏㄹ;ㅓ미ㅏㅇㄴ리멍ㄴ리ㅏㅁ','C',31,'','201609281455','201611022049',42,NULL,'N'),('Y','오세천프로젝트','P',32,'/resources/km_upload/project/32bae932-992c-4406-bc48-774a5fbb9759.jpg','201609291644','201610261945',51,'2.jpg','N'),('Y','리뷰 생성','P',33,'/resources/km_upload/project/70a0291e-c4a2-4ad3-af73-0aa254d486b4.jpg','201609301216','201610261946',51,'3.jpg','N'),('Y','TEST_3','P',34,'/resources/km_upload/project/aa09029a-e560-4665-89a8-d1352d006f91.jpg','201610251656','201610251656',41,'배경B (36).jpg','N'),('Y','TEST_4','P',35,'/resources/km_upload/project/63e7b93e-6fd6-4612-ac4f-8019b4bbe5ee.jpg','201610251719','201611012319',41,'배경B (1).jpg','N'),('Y','테스트 프로젝트','P',36,'/resources/km_upload/project/13073f69-105d-4ef7-8558-07d39a9def42.png','201610261904','201610262100',62,'스크린샷 2016-10-26 오후 7.04.37.png','N'),('Y','수지 한복','P',37,'/resources/km_upload/project/d5231504-c393-49fc-8058-b062429e4ebc.jpg','201610281415','201610281415',62,'완성1.jpg','N'),('Y','스마트패션','C',38,'/resources/km_upload/project/2e46452f-390d-4235-8cea-f116358345ed.jpg','201610281417','201610281428',62,'1.1_My Dorothy.jpg','N'),('Y','FB 프로젝트','P',39,'/resources/km_upload/project/de9e4659-bf47-4bf9-bcd6-92d0df493b77.jpg','201610302332','201611041729',53,'Img0404_20151124173217_1.jpg','N'),('Y','ㅇㅇ','P',40,'/resources/km_upload/project/4a1d4181-9156-4512-86ce-449cc6265459.jpg','201611010005','201611010005',43,'f10.jpg','N'),('Y','OSD_찬송가','P',41,'/resources/km_upload/project/6a9a3677-f63c-48dc-a784-a6b883b84077.png','201611012348','201611020005',41,'1 만복의 근원 하나님 A♭.png','N'),('Y','멤버수 test.','P',42,'/resources/km_upload/project/74fe262e-f62f-4bfa-a0ac-4ce78d8cdaa2.jpg','201611021939','201611021939',44,'khj.jpg','N'),('Y','멤버수 test2','C',43,'/resources/km_upload/project/8eed81f7-2294-4978-8862-3d020f994c5d.jpg','201611021940','201611022049',42,'khj.jpg','N'),('Y','멤버수 test3','C',44,'/resources/km_upload/project/63ce441d-4905-4040-a702-b23fcbc9fa23.jpg','201611021941','201611022049',42,'khj.jpg','N'),('N','1234567890일이삼사오육칠팔구십1234567890일이삼사오육칠팔구십ㅁ니알미ㅏㄴ어리ㅏ멀이ㅏ멍니ㅏㄹ머ㅣㅏㄹㅇ미ㅏㅇ널미ㅏ어리ㅏ멍니ㅏ럼ㅇ니ㅏ러미ㅏㅇ너리ㅏㅁㅇ나림','P',45,'/resources/km_upload/project/e785882c-1e25-4219-92e1-51a8602e6275.png','201611022004','201611022004',46,'디자이너이름클릭.png','N'),('Y','뭐야이거어어어어언','P',46,'/resources/km_upload/project/9197cd63-c3cc-4ad9-9941-72e45cf34230.jpg','201611022009','201611022009',81,'Sample-Rubber-Stamp-by-Stuart-Miles.jpg','N'),('Y','dfasdf','P',47,'/resources/km_upload/project/046387cf-cc7b-4f27-9b93-15b9a75ec4f6.jpg','201611022037','201611022037',43,'wow-wrath-of-the-lich-king-wallpaper-world-of-warcraft-games-169697.jpg','N'),('Y','asdasd','P',48,'/resources/km_upload/project/85baaed3-d13f-4272-940f-31b0a0f8256a.jpg','201611022037','201611022037',43,'L4808964492314.jpg','N'),('Y','asdfsdafsdf','P',49,'/resources/km_upload/project/60222e08-76ab-42cf-9009-c6ed40380cb0.png','201611022038','201611022038',43,'공백.png','N'),('Y','sdfgdsfg','P',50,'/resources/km_upload/project/c94c4084-336e-41fe-9145-cd6792d13dd0.png','201611022038','201611022038',43,'ccl.png','N'),('Y','ㅇㄴㅊㅇㄴㅊㄴㅊㄴㅊㄴㅊㄴㅇ','P',51,'/resources/km_upload/project/023cadee-771c-4408-9444-ff895dd4ea55.jpg','201611022042','201611022100',72,'ㅏㅏㅏㅏㅏㅏㅏㅏㅏㅏㅏㅏㅏㅏㅏㅏㅏㅏㅏㅏㅏㅏㅏㅏㅏㅏㅏㅏㅏㅏㅏㅏㅏㅏㅏㅏㅏㅏㅏㅏㅏㅏㅏㅏㅏㅏㅏㅏㅏㅏㅏㅏㅏㅏㅏㅏㅏㅏㅏㅏㅏㅏㅏㅏㅏㅏㅏㅏㅏㅏㅏㅏㅏㅏㅏㅏㅏㅏㅏㅏㅏㅏㅏㅏㅏㅏㅏㅏㅏㅏㅏㅏㅏ.jpg','N'),('Y','작품등록테스트','P',52,'/resources/km_upload/project/bddd1afc-3403-49b2-94e1-ca9b777f7ca4.jpg','201611022051','201611022051',42,'khj.jpg','N'),('Y','응가','P',53,'/resources/km_upload/project/a39e0121-d241-4858-b082-e7efc05f86c0.JPG','201611022057','201611022057',82,'DSC_0075.JPG','N'),('Y','뿡뿡','P',54,'/resources/km_upload/project/b0ac93f3-ec63-4ea1-95b5-1fce9b99c480.PNG','201611022101','201611022101',82,'Capture.PNG','N'),('Y','모찌모찌떡','P',55,'/resources/km_upload/project/cd774414-c194-4263-8bf5-6b11a35ccf62.PNG','201611022102','201611022102',82,'Capture2.PNG','N'),('Y','ㄱ','P',56,'/resources/km_upload/project/5a860376-b351-43ca-b0c4-ab3e18becc61.jpg','201611041125','201611041125',83,'L4808964492314.jpg','N'),('N','프-shg2-완료','P',57,'/resources/km_upload/project/6f7baaa5-b4f4-41d6-8749-928bed30d6b1.jpg','201611041339','201611041348',36,'dwork3.jpg','N'),('N','프-shg-삭제할것','P',58,'/resources/km_upload/project/d191780f-3993-4e1d-ad54-6b84e4bf02d2.jpg','201611041350','201611041350',36,'1.jpg','Y'),('Y','윤프로젝트','P',59,'/resources/km_upload/project/539bcd0f-3d9e-45a7-8144-6518bf8e4a88.jpg','201611041740','201611041740',85,'146200847354174.jpg','N'),('Y','RNRNRKRK','P',60,'/resources/km_upload/project/ed9d1038-1905-42d2-afb7-a25ed06494e7.jpg','201611071949','201611071949',77,'wow-wrath-of-the-lich-king-wallpaper-world-of-warcraft-games-169697.jpg','N'),('Y','자율주행전기자동차','P',61,'/resources/km_upload/project/c5ed6f66-90ff-4aaa-a1c7-e15ed373a642.jpg','201611072049','201611072049',77,'sn.jpg','N'),('Y','ㅁㄴㅇ','P',62,'/resources/km_upload/project/4749a27e-1f23-4444-8ad9-61eef178ca7f.jpg','201611072146','201611072146',77,'images.jpg','N'),('Y','dfsdf','P',63,'/resources/km_upload/project/251f0c03-0e8c-424a-b212-b721de2b5f30.jpg','201611152122','201611152122',90,'250_영어회화를위한그림영문법.jpg','N'),('Y','김수연','P',64,'/resources/km_upload/project/223ed48f-df5f-4984-ae42-bb5b654a852f.jpg','201611181409','201611181409',91,'pageback.jpg','N');

/*Table structure for table `t_project_category` */

DROP TABLE IF EXISTS `t_project_category`;

CREATE TABLE `t_project_category` (
  `category_code` varchar(9) COLLATE utf8_bin NOT NULL,
  `project_seq` int(11) NOT NULL,
  `register_time` char(12) COLLATE utf8_bin DEFAULT NULL,
  PRIMARY KEY (`category_code`,`project_seq`)
) ENGINE=InnoDB DEFAULT CHARSET=utf8 COLLATE=utf8_bin;

/*Data for the table `t_project_category` */

insert  into `t_project_category`(`category_code`,`project_seq`,`register_time`) values ('001',22,'201609300957'),('001',24,'201610261954'),('001',25,'201610261856'),('001',26,'201611151133'),('001',32,'201610261945'),('001',33,'201610261946'),('001',34,'201610251656'),('001',35,'201611012319'),('001',36,'201610261904'),('001',38,'201610281428'),('001',39,'201611041729'),('001',40,'201611010005'),('001',41,'201611020005'),('001',42,'201611021939'),('001',44,'201611022049'),('001',45,'201611022004'),('001',47,'201611022037'),('001',48,'201611022037'),('001',49,'201611022038'),('001',50,'201611022038'),('001',52,'201611022051'),('001',57,'201611041348'),('001',58,'201611041350'),('001',60,'201611071949'),('001',61,'201611072049'),('001',63,'201611152122'),('001001001',37,'201610281415'),('001001001',43,'201611022049'),('001002',53,'201611022057'),('001004',64,'201611181409'),('002',23,'201611041337'),('002',30,'201611022029'),('002',31,'201611022049'),('002',59,'201611041740'),('002',62,'201611072146'),('002004',55,'201611022102'),('002004',56,'201611041125'),('003',51,'201611022100'),('003003',46,'201611022009'),('005',29,'201609280333'),('007',28,'201609280326'),('007003',54,'201611022101'),('008',27,'201611012349');

/*Table structure for table `t_project_member` */

DROP TABLE IF EXISTS `t_project_member`;

CREATE TABLE `t_project_member` (
  `member_seq` int(11) NOT NULL,
  `project_seq` int(11) NOT NULL,
  `register_time` char(12) COLLATE utf8_bin DEFAULT NULL,
  PRIMARY KEY (`member_seq`,`project_seq`)
) ENGINE=InnoDB DEFAULT CHARSET=utf8 COLLATE=utf8_bin;

/*Data for the table `t_project_member` */

insert  into `t_project_member`(`member_seq`,`project_seq`,`register_time`) values (36,22,'201610251656'),(36,57,'201611041348'),(36,58,'201611041350'),(37,24,'201610261954'),(38,24,'201610261954'),(39,32,'201610261945'),(39,34,'201610251656'),(40,26,'201611151133'),(40,31,'201611022049'),(41,27,'201611012349'),(41,28,'201609280326'),(41,29,'201609280333'),(41,34,'201610251656'),(41,35,'201611012319'),(41,41,'201611020005'),(42,30,'201611022029'),(42,42,'201611021939'),(42,43,'201611022049'),(42,44,'201611022049'),(42,52,'201611022051'),(42,53,'201611022057'),(42,54,'201611022101'),(43,40,'201611010005'),(43,42,'201611021939'),(43,47,'201611022037'),(43,48,'201611022037'),(43,49,'201611022038'),(43,50,'201611022038'),(43,53,'201611022057'),(43,56,'201611041125'),(43,61,'201611072049'),(44,42,'201611021939'),(44,43,'201611022049'),(44,44,'201611022049'),(45,43,'201611022049'),(46,43,'201611022049'),(46,45,'201611022004'),(47,43,'201611022049'),(47,44,'201611022049'),(51,32,'201610261945'),(51,33,'201610261946'),(51,63,'201611152122'),(53,39,'201611041729'),(56,51,'201611022100'),(62,36,'201610261904'),(62,37,'201610281415'),(62,38,'201610281428'),(68,46,'201611022009'),(72,42,'201611021939'),(72,43,'201611022049'),(72,51,'201611022100'),(72,53,'201611022057'),(77,60,'201611071949'),(77,61,'201611072049'),(77,62,'201611072146'),(81,46,'201611022009'),(82,53,'201611022057'),(82,54,'201611022101'),(82,55,'201611022102'),(83,56,'201611041125'),(85,39,'201611041729'),(85,59,'201611041740'),(90,63,'201611152122'),(91,64,'201611181409');

/*Table structure for table `t_project_subject` */

DROP TABLE IF EXISTS `t_project_subject`;

CREATE TABLE `t_project_subject` (
  `project_seq` int(11) DEFAULT NULL COMMENT '프로젝트seq',
  `seq` int(11) NOT NULL AUTO_INCREMENT COMMENT '주제seq',
  `subject_name` varchar(200) COLLATE utf8_bin DEFAULT NULL COMMENT '주제명',
  `member_seq` int(11) DEFAULT NULL COMMENT '생성회원seq',
  `register_time` char(12) COLLATE utf8_bin DEFAULT NULL COMMENT '등록일시',
  PRIMARY KEY (`seq`),
  KEY `project_seq` (`project_seq`),
  KEY `member_seq` (`member_seq`)
) ENGINE=InnoDB AUTO_INCREMENT=134 DEFAULT CHARSET=utf8 COLLATE=utf8_bin;

/*Data for the table `t_project_subject` */

insert  into `t_project_subject`(`project_seq`,`seq`,`subject_name`,`member_seq`,`register_time`) values (22,27,'주제1',36,'201609261039'),(22,28,'주제2',37,'201609261052'),(22,29,'주제3',36,'201609261110'),(24,30,'주제t',37,'201609261344'),(22,31,'주제4',38,'201609261352'),(24,32,'주제s',37,'201609261354'),(22,33,'주제5',38,'201609261459'),(22,34,'주제6',38,'201609261459'),(22,35,'주제7',38,'201609261459'),(26,38,'주제1',41,'201609280246'),(27,40,'ㅎㅎㅎ',41,'201609280257'),(27,41,'주제주제주제주제',41,'201609280306'),(27,42,'ㅋㅋ',41,'201609280309'),(27,43,'ㅇㅎㅇㅎㅇㅎ',41,'201609280320'),(27,45,'123456',41,'201609280320'),(27,46,'ㄱㄴㄷㄹㅈㄷㄹㅈ',41,'201609280320'),(27,48,'ㄹ',41,'201609280321'),(28,50,'ㅊㅊㅊㅊ',41,'201609280329'),(29,51,'1234',41,'201609280333'),(29,52,'수정테스트가나다',41,'201609281012'),(27,53,'zz',41,'201609281402'),(32,55,'포스터 기획',51,'201609291644'),(23,57,'주제주제주제주제',36,'201609291729'),(32,59,'포스터 기획 2',51,'201609300943'),(32,60,'포스터 기획3',51,'201609300945'),(32,61,'포스터 기획4',51,'201609300946'),(32,62,'포스터 기획5',51,'201609300947'),(32,63,'포스터 기획6',51,'201609300948'),(32,64,'포스터 기획7',51,'201609300948'),(29,66,'123456',41,'201609301051'),(33,68,'개념설계',51,'201609301216'),(29,69,'12345678',41,'201610182309'),(29,70,'무',41,'201610242054'),(29,71,'바',41,'201610242054'),(29,72,'이',41,'201610242054'),(34,73,'000',41,'201610251719'),(35,74,'00000000',41,'201610251720'),(35,75,'일이삼사오륙칠팔',41,'201610251720'),(36,76,'제품',62,'201610261905'),(36,77,'제품',62,'201610261907'),(36,78,'의상',62,'201610262045'),(36,79,'생활용품',62,'201610262046'),(36,80,'유모차',62,'201610262047'),(36,81,'신발',62,'201610262048'),(36,82,'의상2',62,'201610262059'),(37,83,'스케치',62,'201610281415'),(37,84,'원단',62,'201610281415'),(37,85,'완성',62,'201610281415'),(38,86,'Dorothy',62,'201610281418'),(38,87,'Sculpt',62,'201610281419'),(38,88,'Customz',62,'201610281420'),(38,89,'Musi',62,'201610281420'),(38,90,'Reme',62,'201610281421'),(38,91,'Red ',62,'201610281421'),(38,92,'Colo',62,'201610281422'),(38,93,'Stre',62,'201610281423'),(38,94,'Atmo',62,'201610281423'),(38,95,'오픈하드웨어',62,'201610281441'),(38,96,'오픈소프트웨어',62,'201610281442'),(36,97,'xotxm',62,'201610291341'),(39,98,'ParkMin',53,'201610302333'),(40,99,' ㅜ',43,'201611010037'),(42,100,'test1',44,'201611021942'),(42,101,'테스트2',44,'201611021944'),(43,102,'수정1',42,'201611021945'),(44,103,'수정2',42,'201611021946'),(51,104,'dddddddd',72,'201611022043'),(51,106,'ㅊㅊㅊ',72,'201611022044'),(51,107,'ㅇㅊㅊ',72,'201611022045'),(51,108,'1',72,'201611022048'),(51,109,'2',72,'201611022048'),(51,110,'3',72,'201611022048'),(51,111,'4',72,'201611022049'),(52,112,'sample1',42,'201611022051'),(53,113,'응가방가방가방가',82,'201611022057'),(56,114,'김',83,'201611041125'),(56,115,'ㅇ',83,'201611041125'),(57,116,'꽃',36,'201611041339'),(57,117,'고양이',36,'201611041340'),(57,118,'개',36,'201611041340'),(39,119,'상진주제',85,'201611041744'),(60,120,'1단계',77,'201611071950'),(60,121,'2단계',77,'201611071950'),(61,123,'소프트웨어',77,'201611072055'),(61,124,'하드웨어',77,'201611072055'),(61,125,'스케치랜더링',77,'201611072107'),(61,126,'모델링',77,'201611072108'),(61,127,'진흙모형',77,'201611072108'),(61,128,'인테리어스케치',77,'201611072108'),(61,129,'칼라및소재선택',77,'201611072108'),(62,130,'ㅁ',77,'201611072146'),(62,131,'ㄴ',77,'201611072146'),(64,132,'ㄱ',91,'201611181409'),(64,133,'ㄱ',91,'201611181409');

/*Table structure for table `t_project_work` */

DROP TABLE IF EXISTS `t_project_work`;

CREATE TABLE `t_project_work` (
  `title` varchar(200) COLLATE utf8_bin DEFAULT NULL COMMENT '제목',
  `contents` varchar(3000) COLLATE utf8_bin DEFAULT NULL COMMENT '작품설명',
  `seq` int(11) NOT NULL AUTO_INCREMENT COMMENT '작품seq',
  `project_subject_seq` int(11) DEFAULT NULL COMMENT '주제seq',
  `member_seq` int(11) DEFAULT NULL COMMENT '생성회원seq',
  `register_time` char(12) COLLATE utf8_bin DEFAULT NULL COMMENT '등록일시',
  `refer_project_work_seq` int(11) DEFAULT NULL COMMENT '참조작품seq',
  `last_ver` varchar(5) COLLATE utf8_bin DEFAULT NULL COMMENT '마지막버전',
  `del_flag` char(1) COLLATE utf8_bin DEFAULT 'N' COMMENT '삭제flag(Y,N)',
  `thumb_uri` varchar(300) COLLATE utf8_bin DEFAULT NULL COMMENT '썸네일',
  PRIMARY KEY (`seq`),
  KEY `project_subject_seq` (`project_subject_seq`),
  KEY `member_seq` (`member_seq`)
) ENGINE=InnoDB AUTO_INCREMENT=196 DEFAULT CHARSET=utf8 COLLATE=utf8_bin;

/*Data for the table `t_project_work` */

insert  into `t_project_work`(`title`,`contents`,`seq`,`project_subject_seq`,`member_seq`,`register_time`,`refer_project_work_seq`,`last_ver`,`del_flag`,`thumb_uri`) values ('Chrysanthemum','\\Desert.jpg',35,27,36,'201609261040',NULL,'1.1','N',NULL),('Chrysanthemum','\\Desert.jpg',38,29,36,'201609261110',35,'1.1','N',NULL),('Hydrangeas','Hydrangeas',41,29,36,'201609261117',NULL,'1.0','N',NULL),('Hydrangeas','Hydrangeas',42,29,36,'201609261137',NULL,'1.0','N',NULL),('Hydrangeas','Hydrangeas',43,28,37,'201609261311',42,'1.0','N',NULL),('ㅅㅅㅅㅅㅅ','ㅁㅁㅁㅁㅁ',44,30,37,'201609261345',NULL,'1.0','N',NULL),('17-bar-chart.','17-bar-chart.',45,32,37,'201609261355',NULL,'1.0','N',NULL),('test','\\soa_1.jpg',46,31,38,'201609261357',NULL,'1.1','N',NULL),('88-beer-mug','\\4.png',47,32,37,'201609261421',NULL,'1.1','N',NULL),('pic_profile3','\\pic_profile4.jpg',48,31,36,'201609261454',NULL,'1.1','N',NULL),('bg_drag_image','\\1.png',49,27,37,'201609261455',NULL,'1.1','N',NULL),('profile2','profile2',50,33,38,'201609261501',NULL,'1.0','N',NULL),('pic_profile','pic_profile',51,33,38,'201609261503',NULL,'1.0','N',NULL),('222222','\\main.png',52,28,37,'201609261517',NULL,'1.1','N',NULL),('5555555','55555555',54,34,37,'201609261601',NULL,'1.0','N',NULL),('test','test',55,33,38,'201609261734',NULL,'1.0','N',NULL),('pic_profile3','pic_profile3',56,31,38,'201609261743',NULL,'1.0','N',NULL),('ㅅㅅㅅㅅㅅㅅ','ㄷㄷㄷㄷㄷㄷㄷ',57,34,37,'201609261747',NULL,'1.0','N',NULL),('img_sample','img_sample',58,31,38,'201609261749',NULL,'1.0','N',NULL),('pic_profile','pic_profile',59,31,38,'201609261755',NULL,'1.0','N',NULL),('img_sample','img_sample',60,28,38,'201609261830',NULL,'1.0','N',NULL),('test','test',61,28,38,'201609261846',NULL,'1.0','N',NULL),('55555','555555',62,28,37,'201609261849',NULL,'1.0','N',NULL),('1111111','1111111',63,33,37,'201609261857',NULL,'1.0','N',NULL),('ㅅㅅㅅㅅㅅㅋ','\\배경B (111).jpg',64,32,41,'201609280249',44,'1.1','N',NULL),('12345678901234','1234567890123456789012345678',65,40,41,'201609280259',NULL,'1.0','N',NULL),('bewhy','\\88-beer-mug.png',68,41,41,'201609280309',66,'1.1','N',NULL),('bewhy','\\BewhY (비와이) & 사이먼 도미닉 (Simon Dominic)_쌈박자 (XamBaqJa) (Prod. by BewhY).mp3',69,42,41,'201609280309',68,'1.1','N',NULL),('ㅅㅅㅅㅅㅅ','ㅁㅁㅁㅁㅁ',70,32,41,'201609280310',44,'1.0','N',NULL),('ㅇㅇ','\\123456789012345678901234567890.jpg',71,42,41,'201609280312',NULL,'1.1','N',NULL),('ㅋㄷㄱㅈ','ㄷㄹㅈㄹㄷ',72,42,41,'201609280312',NULL,'1.0','N',NULL),('ㄹㅈㄹㄷㄹㅈ','ㅐㅐㅐㅐㅐㅐㅐㅐㅐㅐㅐㅐㅐㅐㅐㅐㅐㅐㅐㅐ',73,42,41,'201609280312',NULL,'1.1','N',NULL),('아하','하ㅏ',74,50,41,'201609280330',NULL,'1.0','N',NULL),('포인트구매페이지','포인트구매페이지',75,51,41,'201609280333',NULL,'1.0','N',NULL),('포인트구매페이지','포인트구매페이지',76,52,41,'201609281012',75,'1.0','N',NULL),('casc','cwc',77,43,41,'201609281402',NULL,'1.0','N',NULL),('fef','qqqq',78,43,41,'201609281403',NULL,'1.0','N',NULL),('3D 표현','한번 확인해보세요.',79,55,51,'201609291645',NULL,'1.2','N',NULL),('내가 만든 작품','사실은 배껴온 작품이에요..ㅠ.ㅜ',80,35,51,'201609291649',NULL,'1.0','N',NULL),('pic_profile','pic_profile',81,34,36,'201609291735',NULL,'1.1','N',NULL),('디자인 시안','이거 우선 효과만 입힌건데 의견 한 번씩 부탁해요~',82,55,51,'201609292135',NULL,'1.1','N',NULL),('3D 표현','이거 우선 효과만 입힌건데 의견 한 번씩 부탁해요~',83,59,51,'201609300945',NULL,'1.1','N',NULL),('디자인 시안','이거 우선 효과만 입힌건데 의견 한 번씩 부탁해요~',84,60,51,'201609300946',NULL,'1.0','N',NULL),('디자인 시안','이거 우선 효과만 입힌건데 의견 한 번씩 부탁해요~',85,61,51,'201609300947',NULL,'1.0','N',NULL),('디자인 시안','이거 우선 효과만 입힌건데 의견 한 번씩 부탁해요~',86,62,51,'201609300948',NULL,'1.0','N',NULL),('디자인 시안','이거 우선 효과만 입힌건데 의견 한 번씩 부탁해요~',87,63,51,'201609300949',NULL,'1.0','N',NULL),('디자인 시안','이거 우선 효과만 입힌건데 의견 한 번씩 부탁해요~',88,64,51,'201609300952',NULL,'1.0','N',NULL),('12345678901234567890','1234567890123456789012',89,66,41,'201609301052',NULL,'1.0','N',NULL),('12345678901234567890','12345678901234567890123456789012345678901234567890',90,52,41,'201609301052',89,'1.0','N',NULL),('3D 표현','이거 우선 효과만 입힌건데 의견 한 번씩 부탁해요~',91,60,51,'201609301205',83,'1.1','N',NULL),('12345678901234567890','12345678901234567890123456789012345678901234567890',92,52,41,'201610182311',NULL,'1.0','N',NULL),('메인디자인수정','메인디자인수정 굳',93,51,41,'201610241924',NULL,'1.1','N',NULL),('12345678901234567890','..',94,69,41,'201610242047',92,'1.0','N',NULL),('12345678901234567890','..',95,66,41,'201610242048',94,'1.0','N',NULL),('12345678901234567890','12345678901234567890123456789012345678901234567890',96,74,41,'201610251721',NULL,'1.1','N',NULL),('제품','테스트를 위한 제품',97,76,62,'201610261905',NULL,'1.1','N',NULL),('국자','국자',98,76,62,'201610261907',NULL,'1.0','N',NULL),('전기소켓','실용 전기소켓',99,77,62,'201610262045',NULL,'1.0','N',NULL),('의상','한복에서 가져온 의상',100,78,62,'201610262046',NULL,'1.0','N',NULL),('칫솔','치약을 충전해서 사용하는 칫솔',101,79,62,'201610262046',NULL,'1.0','N',NULL),('유모차','자건거, 유모차, 쇼핑카트로 사용 가능한 유모차',102,80,62,'201610262047',NULL,'1.0','N',NULL),('구두','구두 디자인',103,81,62,'201610262048',NULL,'1.0','N',NULL),('스케치 입니다.','초기 스케치',104,83,62,'201610281416',NULL,'1.0','N',NULL),('My Dorothy1','My Dorothy1',105,86,62,'201610281418',NULL,'1.0','N',NULL),('My Dorothy2','My Dorothy2',106,86,62,'201610281418',NULL,'1.0','N',NULL),('My Dorothy3','My Dorothy3',107,86,62,'201610281419',NULL,'1.0','N',NULL),('Sculputre in Motion1','Sculputre in Motion1',108,87,62,'201610281419',NULL,'1.0','N',NULL),('Sculputre in Motion2','Sculputre in Motion2',109,87,62,'201610281419',NULL,'1.0','N',NULL),('Sculputre in Motion3','Sculputre in Motion3',110,87,62,'201610281419',NULL,'1.0','N',NULL),('3.1_Customizing Patt','3.1_Customizing Patterns',111,88,62,'201610281420',NULL,'1.0','N',NULL),('3.2_Customizing Patt','3.2_Customizing Patterns',112,88,62,'201610281420',NULL,'1.0','N',NULL),('3.3_Customizing Patt','3.3_Customizing Patterns',113,88,62,'201610281420',NULL,'1.0','N',NULL),('4.1_Music in Motion','4.1_Music in Motion',114,89,62,'201610281420',NULL,'1.0','N',NULL),('4.2_Music in Motion','4.2_Music in Motion',115,89,62,'201610281421',NULL,'1.0','N',NULL),('4.3_Music in Motion','4.3_Music in Motion',116,89,62,'201610281421',NULL,'1.0','N',NULL),('5.1_Remembrance','5.1_Remembrance',117,90,62,'201610281421',NULL,'1.0','N',NULL),('5.2_Remembrance','5.2_Remembrance',118,90,62,'201610281421',NULL,'1.0','N',NULL),('5.3_Remembrance','5.3_Remembrance',119,90,62,'201610281421',NULL,'1.0','N',NULL),('6.1_Red Carpet','6.1_Red Carpet',120,91,62,'201610281421',NULL,'1.0','N',NULL),('6.2_Red Carpet','6.2_Red Carpet',121,91,62,'201610281422',NULL,'1.0','N',NULL),('6.3_Red Carpet','6.3_Red Carpet',122,91,62,'201610281422',NULL,'1.0','N',NULL),('7.1_Color-Independen','7.1_Color-Independent Visual-MIMO',123,92,62,'201610281422',NULL,'1.0','N',NULL),('7.2_Color-Independen','7.2_Color-Independent Visual-MIMO',124,92,62,'201610281422',NULL,'1.0','N',NULL),('7.3_Color-Independen','7.3_Color-Independent Visual-MIMO',125,92,62,'201610281422',NULL,'1.0','N',NULL),('8.1_Stretchable The ','8.1_Stretchable The motion sensing',126,93,62,'201610281423',NULL,'1.0','N',NULL),('9.1_Atmospheric pres','9.1_Atmospheric pressure',127,94,62,'201610281423',NULL,'1.0','N',NULL),('9.2_Atmospheric pres','9.2_Atmospheric pressure',128,94,62,'201610281423',NULL,'1.0','N',NULL),('9.3_Atmospheric pres','9.3_Atmospheric pressure',129,94,62,'201610281423',NULL,'1.0','N',NULL),('오픈하드웨어','오픈하드웨어',130,95,62,'201610281441',NULL,'1.0','N',NULL),('오픈 하드웨어2','오픈 하드웨어2',131,95,62,'201610281442',NULL,'1.0','N',NULL),('오픈 소프트웨어','오픈 소프트웨어',132,96,62,'201610281445',NULL,'1.0','N',NULL),('parkminyoung photo','parkminyoung\'s photoparkminyoung\'s photoparkminyou',133,98,53,'201610302334',NULL,'1.1','Y',NULL),('일이삼사오육칠팔구십일이삼사오육칠팔구이','일이삼사오육칠팔구십일이삼사오육칠팔구이일이삼사오육칠팔구십일이삼사오육칠팔구이일이삼사오육칠팔구십',134,100,44,'201611021943',NULL,'1.0','N',NULL),('일이삼사오육칠팔구십일이삼사오육칠팔구십','일이삼사오육칠팔구십일이삼사오육칠팔구십일이삼사오육칠팔구십일이삼사오육칠팔구십일이삼사오육칠팔구십',135,100,44,'201611021943',NULL,'1.0','N',NULL),('일이삼사오육칠팔구십일이삼사오육칠팔구십','일이삼사오육칠팔구십일이삼사오육칠팔구십일이삼사오육칠팔구십일이삼사오육칠팔구십일이삼사오육칠팔구십',136,101,44,'201611021944',NULL,'1.0','N',NULL),('일이삼사오육칠팔구십일이삼사오육칠팔구십','일이삼사오육칠팔구십일이삼사오육칠팔구십일이삼사오육칠팔구십일이삼사오육칠팔구십일이삼사오육칠팔구십',137,102,42,'201611021945',NULL,'1.0','N',NULL),('일이삼사오육칠팔구십일이삼사오육칠팔구십','일이삼사오육칠팔구십일이삼사오육칠팔구십일이삼사오육칠팔구십일이삼사오육칠팔구십일이삼사오육칠팔구십',138,102,42,'201611021945',NULL,'1.0','N',NULL),('일이삼사오육칠팔구십일이삼사오육칠팔구십','일이삼사오육칠팔구십일이삼사오육칠팔구십일이삼사오육칠팔구십일이삼사오육칠팔구십일이삼사오육칠팔구십',139,103,42,'201611021946',NULL,'1.0','N',NULL),('일이삼사오육칠팔구십일이삼사오육칠팔구이','일이삼사오육칠팔구십일이삼사오육칠팔구이일이삼사오육칠팔구십일이삼사오육칠팔구이일이삼사오육칠팔구십',140,101,42,'201611022008',134,'1.0','N',NULL),('','',141,106,72,'201611022045',NULL,'1.0','N',NULL),('','',142,104,72,'201611022045',141,'1.0','N',NULL),('','',143,106,72,'201611022047',NULL,'1.0','N',NULL),('제목인가 이것은','ㅏㅓㅣㅏㅣ',144,106,72,'201611022048',NULL,'1.0','Y',NULL),('제목인가 이것은','ㅏㅓㅣㅏㅣ',145,109,72,'201611022051',144,'1.0','N',NULL),('passpasspasspasspass','fail1fail2fail3fail4fail5fail6fail7fail8fail9fail0',146,112,42,'201611022052',NULL,'1.0','N',NULL),('passpasspasspasspass','fail1fail2fail3fail4fail5fail6fail7fail8fail9fail0',147,103,42,'201611022052',NULL,'1.0','N',NULL),('passpasspasspasspass','fail1fail2fail3fail4fail5fail6fail7fail8fail9fail0',148,112,42,'201611022053',NULL,'1.1','N',NULL),('','',149,108,72,'201611022054',142,'1.0','N',NULL),('꽃','꽃',150,116,36,'201611041339',NULL,'1.0','N',NULL),('고양이','고양이',151,117,36,'201611041340',NULL,'1.0','N',NULL),('나의작품','작품 설명작품 설명작품 설명작품 설명작품 설명작품 설명',152,98,53,'201611041509',NULL,'1.1','N','/resources/km_upload/project_work_file/e43b59fc-662c-45e0-8e42-f5a06cd58518.jpg'),('나의작품','작품 설명작품 설명작품 설명작품 설명작품 설명작품 설명',153,119,85,'201611041744',152,'1.1','N',NULL),('ㄱㄱ','ㄱㄱ',154,120,77,'201611072008',NULL,'1.1','N',NULL),('소프트웨어자료1','소프트웨어자료1',155,123,77,'201611072114',NULL,'1.0','N',NULL),('소프트웨어자료2','소프트웨어자료2',156,123,77,'201611072115',NULL,'1.0','N',NULL),('소스코드1','소스코드1',157,123,77,'201611072115',NULL,'1.0','N',NULL),('소스코드2','소스코드2',158,123,77,'201611072115',NULL,'1.0','N',NULL),('소스코드3','소스코드3',159,123,77,'201611072115',NULL,'1.0','N',NULL),('구조1','구조1',160,124,77,'201611072115',NULL,'1.0','N',NULL),('구조2','구조2',161,124,77,'201611072115',NULL,'1.0','N',NULL),('구조3','구조3',162,124,77,'201611072115',NULL,'1.0','N',NULL),('구조4','구조4',163,124,77,'201611072116',NULL,'1.0','N',NULL),('구조6','구조6',164,124,77,'201611072116',NULL,'1.0','N',NULL),('스케치1','스케치1',165,125,77,'201611072116',NULL,'1.0','N',NULL),('스케치2','스케치2',166,125,77,'201611072116',NULL,'1.0','N',NULL),('스케치1','스케치1',167,125,77,'201611072116',NULL,'1.0','N',NULL),('스케치4','스케치4',168,125,77,'201611072116',NULL,'1.0','N',NULL),('스케치5','스케치5',169,125,77,'201611072116',NULL,'1.0','N',NULL),('모델링1','모데일리1',170,126,77,'201611072117',NULL,'1.0','N',NULL),('모델링2','모델링2',171,126,77,'201611072117',NULL,'1.0','N',NULL),('모델링3','모델링3',172,126,77,'201611072117',NULL,'1.0','N',NULL),('모델링4','모델링4',173,126,77,'201611072117',NULL,'1.0','N',NULL),('모델링6','모델링6',174,126,77,'201611072117',NULL,'1.0','N',NULL),('짆륵1','짆륵1',175,127,77,'201611072118',NULL,'1.0','N',NULL),('진흙2','진흙2',176,127,77,'201611072118',NULL,'1.0','N',NULL),('짆륵4','짆륵4',177,127,77,'201611072118',NULL,'1.0','N',NULL),('진흙6','진흙6',178,127,77,'201611072118',NULL,'1.0','N',NULL),('진흙7','진흙7',179,127,77,'201611072118',NULL,'1.0','N',NULL),('내부1','내부1',180,128,77,'201611072118',NULL,'1.0','N',NULL),('내부2','내부2',181,128,77,'201611072119',NULL,'1.0','N',NULL),('내부3','내부3',182,128,77,'201611072119',NULL,'1.0','N',NULL),('내부4','내부4',183,128,77,'201611072119',NULL,'1.0','N',NULL),('레드1','레드1',184,129,77,'201611072119',NULL,'1.0','N',NULL),('레드2','레드2',185,129,77,'201611072119',NULL,'1.0','N',NULL),('ㅇ','ㅇ',186,130,77,'201611072146',NULL,'1.0','N',NULL),('ㄹ','ㄹ',187,130,77,'201611072147',NULL,'1.0','N',NULL),('ㅎ','ㅎ',188,131,77,'201611072147',NULL,'1.0','N',NULL),('ㅎ','ㅎ',189,131,77,'201611072147',NULL,'1.0','N',NULL),('ㅇ','ㄹ',190,131,77,'201611072147',NULL,'1.0','N',NULL),('ㅎ','ㅎ',191,131,77,'201611072147',NULL,'1.0','N',NULL),('ㄹ','ㄹ',192,130,77,'201611072147',NULL,'1.0','N',NULL),('ㅁ','ㄴ',193,130,77,'201611072147',NULL,'1.0','N',NULL),('나의작품','작품 설명작품 설명작품 설명작품 설명작품 설명작품 설명',194,119,53,'201611180928',152,'1.1','N','/resources/km_upload/project_work_file/e43b59fc-662c-45e0-8e42-f5a06cd58518.jpg'),('ㄱ','ㄱ',195,132,91,'201611181409',NULL,'1.0','N','/resources/km_upload/project_work_file/f3d7333f-41c7-4dce-8f64-7f5bcba2f7f2.jpg');

/*Table structure for table `t_project_work_comment` */

DROP TABLE IF EXISTS `t_project_work_comment`;

CREATE TABLE `t_project_work_comment` (
  `member_seq` int(11) DEFAULT NULL COMMENT '회원seq',
  `contents` varchar(3000) COLLATE utf8_bin DEFAULT NULL COMMENT '내용',
  `seq` int(11) NOT NULL AUTO_INCREMENT COMMENT '작품댓글seq',
  `register_time` char(12) COLLATE utf8_bin DEFAULT NULL COMMENT '등록일시',
  `project_work_seq` int(11) DEFAULT NULL COMMENT '작품seq',
  PRIMARY KEY (`seq`),
  KEY `member_seq` (`member_seq`),
  KEY `project_work_seq` (`project_work_seq`)
) ENGINE=InnoDB AUTO_INCREMENT=94 DEFAULT CHARSET=utf8 COLLATE=utf8_bin;

/*Data for the table `t_project_work_comment` */

insert  into `t_project_work_comment`(`member_seq`,`contents`,`seq`,`register_time`,`project_work_seq`) values (37,'ㄱㄱㄱㄱㄱㄱㄱ',11,'201609261111',37),(36,'ㅇㅇㅇ',12,'201609261111',36),(36,'ok',13,'201609261112',37),(37,'ttttttttt',14,'201609261316',36),(37,'ooooooo',15,'201609261347',44),(37,'pppppppp',16,'201609261618',52),(37,'ㄱㄱㄱㄱㄱㄱㄱㄱㄱ',17,'201609261816',47),(41,'...',18,'201609280248',44),(41,'zzz',19,'201609280253',64),(41,'ㅇㅇㅇㅇㅇㅇㅇㅇㅇㅇㅇㅇㅇㅇㅇㅇㅇㅇㅇㅇㅇㅇㅇㅇㅇㅇㅇㅇㅇㅇㅇㅇㅇㅇㅇㅇㅇㅇㅇㅇㅇㅇㅇㅇㅇㅇㅇㅇㅇㅇㅇㅇㅇㅇㅇㅇㅇㅇㅇㅇㅇㅇㅇㅇㅇㅇㅇㅇㅇㅇㅇㅇㅇㅇㅇㅇㅇㅇㅇㅇㅇㅇㅇㅇㅇㅇㅇㅇㅇㅇㅇㅇㅇㅇㅇㅇㅇㅇㅇㅇㅇㅇㅇㅇㅇㅇㅇㅇㅇㅇㅇㅇㅇㅇㅇㅇㅇㅇㅇㅇㅇㅇㅇㅇㅇㅇㅇㅇㅇㅇㅇㅇㅇㅇㅇㅇㅇㅇㅇㅇㅇㅇㅇㅇㅇㅇㅇㅇㅇㅇㅇㅇㅇㅇㅇㅇㅇㅇㅇㅇㅇㅇㅇㅇㅇㅇㅇㅇㅇㅇㅇㅇㅇㅇㅇㅇㅇㅇㅇㅇㅇㅇㅇㅇㅇㅇㅇㅇㅇㅇㅇㅇㅇㅇㅇㅇㅇㅇㅇㅇㅇㅇㅇㅇㅇㅇㅇㅇㅇㅇㅇㅇㅇㅇㅇㅇㅇㅇㅇㅇㅇㅇㅇㅇㅇㅇㅇㅇㅇㅇㅇㅇㅇㅇㅇㅇㅇㅇㅇㅇㅇㅇㅇㅇㅇㅇㅇㅇㅇㅇㅇㅇㅇㅇㅇㅇㅇㅇㅇㅇㅇㅇㅇㅇㅇㅇㅇㅇㅇㅇㅇㅇㅇㅇㅇㅇㅇㅇㅇㅇㅇㅇㅇㅇㅇㅇㅇㅇㅇㅇㅇㅇㅇㅇㅇㅇㅇㅇㅇㅇㅇㅇㅇㅇㅇㅇㅇㅇㅇㅇㅇㅇㅇㅇㅇㅇㅇㅇㅇㅇㅇㅇㅇㅇㅇㅇㅇㅇㅇㅇㅇㅇㅇㅇㅇㅇㅇㅇㅇ',20,'201609280253',64),(41,'하하',21,'201609280301',65),(41,'저런',22,'201609280301',65),(41,'ㅋ',23,'201609280304',66),(41,'흙',24,'201609280319',73),(41,'ㅋ',25,'201609280319',71),(41,'ㅋㅋ',26,'201609280335',74),(41,'fff',27,'201609280335',74),(41,'fwfefwfefwf',28,'201609280336',66),(41,'dhowy',29,'201609280336',69),(41,'1234567890123456789012345678901234567890123456789012345678901234567890123456789012345678901234567890',30,'201609281414',72),(41,'1234567890123456789012345678901234567890123456789012345678901234567890123456789012345678901234567890123456789012345678901234567890123456789012345678901234567890123456789012345678901234567890123456789012345678901234567890123456789012345678901234567890123456789012345678901234567890123456789012345678901234567890123456789012345678901234567890123456789012345678901234567890123456789012345678901234567890123456789012345678901234567890',31,'201609281414',78),(41,'12345678901234567890123456789012345678901234567890123456789012345678901234567890123456789012345678901234567890123456789012345678901234567890123456789012345678901234567890123456789012345678901234567890123456789012345678901234567890123456789012345678901234567890123456789012345678901234567890123456789012345678901234567890123456789012345678901234567890123456789012345678901234567890123456789012345678901234567890123456789012345678901234567890',32,'201609281414',78),(41,'12345678901234567890123456789012345678901234567890',33,'201609281416',65),(41,'123456789012345678901234567890123456789012345678901234567890',34,'201609281416',65),(41,'12345678901234567890123456789012345678901234567890123456789012345678901234567890',35,'201609281416',65),(41,'1234567890123456789012345678901234567890123456789012345678901234567890123456789012345678901234567890',36,'201609281416',65),(42,'테스트',37,'201609281508',74),(51,'댓글 코멘트 자리수',38,'201609291645',79),(36,'good',39,'201609291657',42),(36,'hello',40,'201609291658',42),(51,'댓글테스트 입니다.',41,'201609292120',62),(51,'댓글댓글댓글댓글댓글댓글댓글댓글댓글댓글댓글댓글댓글댓글댓글댓글댓글댓글댓글댓글댓글댓글댓글댓글댓글',42,'201609292138',79),(51,'음 난 좋은데 조금 더 단조로웠으면 시선의 주목도가 높았을 것 같은 느낌.',43,'201609300942',79),(51,'음 난 좋은데 조금 더 단조로웠으면 시선의 주목도가 높았을 것 같은 느낌.',44,'201609300952',82),(52,'ddd',45,'201610101541',42),(41,'00',46,'201610182308',75),(41,'11',47,'201610182308',75),(41,'12345678901234567890123456789012345678901234567890',48,'201610182308',75),(41,'12345678901234567890123456789012345678901234567890',49,'201610182308',75),(41,'zzz',50,'201610241923',64),(41,'0000',51,'201610242106',95),(41,'ㅋㅋ',52,'201610242110',92),(41,'ㅋㅋ',53,'201610251654',65),(41,'12345678901234567890123456789012345678901234567890',54,'201610251749',65),(41,'12345678901234567890123456789012345678901234567890',55,'201610251749',65),(41,'12345678901234567890123456789012345678901234567890',56,'201610251750',65),(53,'댓글 테스트',57,'201610311450',104),(43,'ㅊㅌㅊ\\\\',58,'201611010009',65),(41,'ㅋㅋㅋㅋㅋㅋㅋㅋ',59,'201611012350',65),(41,'ㅋㅋㅋ',60,'201611012350',65),(41,'ㅋㅋㅋ',61,'201611012350',65),(41,'ㅋㅋㅋ',62,'201611012350',65),(41,'ㄱㄱㄱ',63,'201611012350',65),(41,'111',64,'201611012350',65),(41,'1234567890',65,'201611012350',65),(41,'12345678901234567890',66,'201611012350',65),(41,'123456789012345678901234567890',67,'201611012350',65),(41,'1234567890123456789012345678901234567890',68,'201611012350',65),(41,'12345678901234567890123456789012345678901234567890',69,'201611012350',65),(41,'일이삼사오륙칠팔구십',70,'201611012350',65),(41,'일이삼사오륙칠팔구십일이삼사오륙칠팔구십',71,'201611012350',65),(41,'일이삼사오륙칠팔구십일이삼사오륙칠팔구십일이삼사오륙칠팔구십',72,'201611012350',65),(41,'일이삼사오륙칠팔구십일이삼사오륙칠팔구십일이삼사오륙칠팔구십일이삼사오륙칠팔구십',73,'201611012351',65),(41,'일이삼사오륙칠팔구십일이삼사오륙칠팔구십일이삼사오륙칠팔구십일이삼사오륙칠팔구십일이삼사오륙칠팔구십',74,'201611012351',65),(72,'대대대대그그글ㅇ',75,'201611022048',143),(72,'ㅇㄹㅇㄹㅇㄹㅇㄹㅇㄹㅇㄹ',76,'201611022054',142),(72,'ㅇㄹㅇㄹㅇ',77,'201611022054',142),(78,'ㅇ',81,'201611022056',142),(78,'ㅇ',82,'201611022056',142),(78,'ㅇ',83,'201611022056',142),(78,'ㅇ',84,'201611022056',142),(78,'ㅇ',85,'201611022056',142),(78,'ㅇ',86,'201611022056',142),(78,'ㅇ',87,'201611022056',142),(78,'ㅇ',88,'201611022056',142),(78,'ㅇ',89,'201611022056',142),(78,'ㅇ',90,'201611022056',142),(78,'ㅇ',91,'201611022056',142),(77,'좋습니다!!',92,'201611072138',167),(77,'맘에들어요!',93,'201611072138',185);

/*Table structure for table `t_project_work_like` */

DROP TABLE IF EXISTS `t_project_work_like`;

CREATE TABLE `t_project_work_like` (
  `member_seq` int(11) NOT NULL,
  `project_work_seq` int(11) NOT NULL,
  `register_time` char(12) COLLATE utf8_bin DEFAULT NULL,
  PRIMARY KEY (`member_seq`,`project_work_seq`)
) ENGINE=InnoDB DEFAULT CHARSET=utf8 COLLATE=utf8_bin;

/*Data for the table `t_project_work_like` */

insert  into `t_project_work_like`(`member_seq`,`project_work_seq`,`register_time`) values (36,35,'201609261109'),(36,38,'201609261112'),(37,36,'201609261316'),(37,37,'201609261109'),(37,47,'201609261448'),(37,50,'201609261724'),(37,52,'201609261618'),(40,107,'201611171640'),(41,44,'201609280248'),(41,45,'201609280254'),(41,52,'201609280322'),(41,64,'201609280254'),(41,66,'201609280304'),(41,67,'201609280308'),(41,75,'201610182307'),(41,78,'201610061808'),(41,96,'201610311403'),(42,42,'201610111447'),(42,56,'201609281502'),(42,74,'201609281508'),(42,134,'201611022040'),(42,135,'201611022040'),(42,136,'201611022040'),(42,140,'201611022039'),(43,107,'201610281424'),(43,108,'201610281425'),(51,48,'201609291648'),(51,54,'201609291648'),(51,80,'201609291650'),(53,152,'201611180928'),(53,159,'201611151143'),(56,96,'201610251803'),(64,100,'201610291058'),(64,104,'201610291339'),(72,143,'201611022054'),(72,144,'201611022048'),(77,167,'201611072138');

/*Table structure for table `t_project_work_member` */

DROP TABLE IF EXISTS `t_project_work_member`;

CREATE TABLE `t_project_work_member` (
  `member_seq` int(11) NOT NULL COMMENT '참여회원seq',
  `project_work_seq` int(11) NOT NULL COMMENT '작품seq',
  `register_time` char(12) COLLATE utf8_bin DEFAULT NULL COMMENT '등록일시',
  PRIMARY KEY (`member_seq`,`project_work_seq`)
) ENGINE=InnoDB DEFAULT CHARSET=utf8 COLLATE=utf8_bin;

/*Data for the table `t_project_work_member` */

insert  into `t_project_work_member`(`member_seq`,`project_work_seq`,`register_time`) values (36,35,'201609261110'),(36,38,'201609261110'),(36,41,'201609261117'),(36,42,'201609261137'),(36,48,'201609261515'),(36,50,'201609261501'),(36,81,'201609291743'),(36,150,'201611041339'),(36,151,'201611041340'),(37,43,'201609261311'),(37,44,'201609261345'),(37,45,'201609261355'),(37,47,'201609261816'),(37,49,'201609261515'),(37,52,'201609261518'),(37,54,'201609261601'),(37,57,'201609261747'),(37,62,'201609261849'),(37,63,'201609261857'),(37,64,'201609280255'),(37,65,'201610251648'),(38,46,'201609261402'),(38,50,'201609261501'),(38,51,'201609261503'),(38,55,'201609261734'),(38,56,'201609261743'),(38,58,'201609261749'),(38,59,'201609261755'),(38,60,'201609261830'),(38,61,'201609261846'),(39,65,'201610251648'),(39,75,'201610182310'),(39,89,'201610242048'),(39,92,'201610182311'),(39,93,'201610242108'),(41,64,'201609280255'),(41,65,'201610251648'),(41,68,'201609280316'),(41,69,'201609280309'),(41,70,'201609280310'),(41,71,'201609280318'),(41,72,'201609280312'),(41,73,'201609280313'),(41,74,'201609280330'),(41,75,'201610182310'),(41,76,'201609281012'),(41,77,'201609281402'),(41,78,'201609281403'),(41,89,'201610242048'),(41,90,'201609301052'),(41,92,'201610182311'),(41,93,'201610242108'),(41,94,'201610242048'),(41,95,'201610242048'),(41,96,'201610251729'),(42,137,'201611021945'),(42,138,'201611021945'),(42,139,'201611021946'),(42,140,'201611022008'),(42,146,'201611022057'),(42,147,'201611022057'),(42,148,'201611022057'),(44,134,'201611021943'),(44,135,'201611021943'),(44,136,'201611021944'),(51,79,'201609300941'),(51,80,'201609291649'),(51,82,'201609300939'),(51,83,'201609301205'),(51,84,'201609300946'),(51,85,'201609300947'),(51,86,'201609300948'),(51,87,'201609300949'),(51,88,'201609300952'),(51,91,'201609301205'),(53,133,'201610302334'),(53,152,'201611180928'),(53,194,'201611180928'),(62,97,'201610261906'),(62,98,'201610261907'),(62,99,'201610262045'),(62,100,'201610262046'),(62,101,'201610262046'),(62,102,'201610262047'),(62,103,'201610262048'),(62,104,'201610281416'),(62,105,'201610281418'),(62,106,'201610281418'),(62,107,'201610281419'),(62,108,'201610281419'),(62,109,'201610281419'),(62,110,'201610281419'),(62,111,'201610281420'),(62,112,'201610281420'),(62,113,'201610281420'),(62,114,'201610281420'),(62,115,'201610281421'),(62,116,'201610281421'),(62,117,'201610281421'),(62,118,'201610281421'),(62,119,'201610281421'),(62,120,'201610281421'),(62,121,'201610281422'),(62,122,'201610281422'),(62,123,'201610281422'),(62,124,'201610281422'),(62,125,'201610281422'),(62,126,'201610281423'),(62,127,'201610281423'),(62,128,'201610281423'),(62,129,'201610281423'),(62,130,'201610281441'),(62,131,'201610281442'),(62,132,'201610281445'),(72,141,'201611022045'),(72,142,'201611022045'),(72,143,'201611022047'),(72,144,'201611022050'),(72,145,'201611022051'),(72,149,'201611022054'),(77,154,'201611072009'),(77,155,'201611072114'),(77,156,'201611072115'),(77,157,'201611072115'),(77,158,'201611072115'),(77,159,'201611072115'),(77,160,'201611072115'),(77,161,'201611072115'),(77,162,'201611072115'),(77,163,'201611072116'),(77,164,'201611072116'),(77,165,'201611072116'),(77,166,'201611072116'),(77,167,'201611072116'),(77,168,'201611072116'),(77,169,'201611072116'),(77,170,'201611072117'),(77,171,'201611072117'),(77,172,'201611072117'),(77,173,'201611072117'),(77,174,'201611072117'),(77,175,'201611072118'),(77,176,'201611072118'),(77,177,'201611072118'),(77,178,'201611072118'),(77,179,'201611072118'),(77,180,'201611072118'),(77,181,'201611072119'),(77,182,'201611072119'),(77,183,'201611072119'),(77,184,'201611072119'),(77,185,'201611072119'),(77,186,'201611072146'),(77,187,'201611072147'),(77,188,'201611072147'),(77,189,'201611072147'),(77,190,'201611072147'),(77,191,'201611072147'),(77,192,'201611072147'),(77,193,'201611072147'),(85,153,'201611041744'),(91,195,'201611181409');

/*Table structure for table `t_project_work_ver` */

DROP TABLE IF EXISTS `t_project_work_ver`;

CREATE TABLE `t_project_work_ver` (
  `project_work_seq` int(11) DEFAULT NULL COMMENT '작품seq',
  `seq` int(11) NOT NULL AUTO_INCREMENT COMMENT '버전seq',
  `ver` varchar(5) COLLATE utf8_bin DEFAULT NULL COMMENT '버전',
  `file_uri` varchar(200) COLLATE utf8_bin DEFAULT NULL COMMENT '파일명',
  `register_time` char(12) COLLATE utf8_bin DEFAULT NULL COMMENT '등록일시',
  `filename` varchar(200) COLLATE utf8_bin DEFAULT NULL COMMENT '첨부파일',
  PRIMARY KEY (`seq`),
  KEY `project_work_seq` (`project_work_seq`)
) ENGINE=InnoDB AUTO_INCREMENT=240 DEFAULT CHARSET=utf8 COLLATE=utf8_bin;

/*Data for the table `t_project_work_ver` */

insert  into `t_project_work_ver`(`project_work_seq`,`seq`,`ver`,`file_uri`,`register_time`,`filename`) values (35,49,'1.0','/resources/km_upload/project_work_file/98716a57-1ef3-4329-a0f5-90c9e0675bab.jpg','201609261040','Chrysanthemum.jpg'),(35,52,'1.1','/resources/km_upload/project_work_file/e72b079a-e30a-443a-875a-558557b18fec.jpg','201609261110','Desert.jpg'),(38,53,'1.1','/resources/km_upload/project_work_file/e72b079a-e30a-443a-875a-558557b18fec.jpg','201609261110','Desert.jpg'),(41,56,'1.0','/resources/km_upload/project_work_file/6a6b231d-556f-4d77-a3d6-301abf102ef8.jpg','201609261117','Hydrangeas.jpg'),(42,57,'1.0','/resources/km_upload/project_work_file/77a0ef10-7c3c-4394-9a1b-a355ed5b7ff6.jpg','201609261137','Hydrangeas.jpg'),(43,58,'1.0','/resources/km_upload/project_work_file/77a0ef10-7c3c-4394-9a1b-a355ed5b7ff6.jpg','201609261311','Hydrangeas.jpg'),(44,60,'1.0','/resources/km_upload/project_work_file/c21efa6a-3331-42d5-93cb-10e663d4e502.png','201609261345','112-group.png'),(45,61,'1.0','/resources/km_upload/project_work_file/b088efc6-8948-4f4f-bc6c-599598793b5e.png','201609261355','17-bar-chart.png'),(46,62,'1.0','/resources/km_upload/project_work_file/973fb72d-66f6-40f2-a4bf-5a6a74a8f472.jpg','201609261357','test.jpg'),(46,63,'1.1','/resources/km_upload/project_work_file/0ba28918-bee4-4ce3-a700-9880d43bcc08.jpg','201609261402','soa_1.jpg'),(47,64,'1.0','/resources/km_upload/project_work_file/fa24daf9-33e0-4fff-b509-2d5d32da9966.png','201609261421','88-beer-mug.png'),(48,66,'1.0','/resources/km_upload/project_work_file/1950770f-b461-4132-bd06-7dd278e05505.jpg','201609261454','pic_profile3.jpg'),(49,67,'1.0','/resources/km_upload/project_work_file/78a1f973-00ca-4ff6-8da0-663f6d6c37b0.png','201609261455','bg_drag_image.png'),(50,68,'1.0','/resources/km_upload/project_work_file/92e2caca-49e3-447b-b867-857b07a6255a.jpg','201609261501','pic_profile2.jpg'),(51,69,'1.0','/resources/km_upload/project_work_file/6b0bc6f5-db23-48ea-91f8-1422c7dd83b7.jpg','201609261503','pic_profile.jpg'),(48,72,'1.1','/resources/km_upload/project_work_file/a0f6734b-4b86-4aac-9f79-ade4058db707.jpg','201609261515','pic_profile4.jpg'),(49,74,'1.1','/resources/km_upload/project_work_file/61ad1195-1cec-4919-bac5-aabd43a83721.png','201609261515','1.png'),(52,75,'1.0','/resources/km_upload/project_work_file/8ebad910-2570-4798-b8dd-a948ca7f74f7.png','201609261517','2.png'),(52,76,'1.1','/resources/km_upload/project_work_file/13ab86ea-f688-41ff-bbe7-353a42cd7c0d.png','201609261518','main.png'),(54,78,'1.0','/resources/km_upload/project_work_file/7be5da52-1a29-4361-ab76-740797a8d914.jpg','201609261601','5.jpg'),(55,79,'1.0','/resources/km_upload/project_work_file/06914b49-f636-4041-b86e-f059be50051e.jpg','201609261734','test.jpg'),(56,80,'1.0','/resources/km_upload/project_work_file/27060402-f2a8-4c74-a036-acf3d47c53d4.jpg','201609261743','pic_profile3.jpg'),(57,81,'1.0','/resources/km_upload/project_work_file/c6ecde40-b699-4cf5-af7a-b3d20c1b6a4a.png','201609261747','4.png'),(58,82,'1.0','/resources/km_upload/project_work_file/1eb4fb27-9c91-426b-ad86-da7cb2c038e0.jpg','201609261749','img_sample.jpg'),(59,83,'1.0','/resources/km_upload/project_work_file/4dfedd29-0c01-449d-b939-674ca7858b2e.jpg','201609261755','pic_profile.jpg'),(47,84,'1.1','/resources/km_upload/project_work_file/9f407746-dfb8-40bf-b391-433cb19406e9.png','201609261816','4.png'),(60,85,'1.0','/resources/km_upload/project_work_file/b1ccaad4-159e-4463-afd7-7ec2c1d88109.jpg','201609261830','img_sample.jpg'),(61,86,'1.0','/resources/km_upload/project_work_file/9b0c8a35-66a8-489a-a7ca-b6320a32955b.jpg','201609261846','test.jpg'),(62,87,'1.0','/resources/km_upload/project_work_file/70e18c82-9f22-4568-bda5-fd5a6159e89d.jpg','201609261849','5.jpg'),(63,88,'1.0','/resources/km_upload/project_work_file/f126093a-0423-4985-804a-b96024b08fc6.png','201609261857','1.png'),(64,89,'1.0','/resources/km_upload/project_work_file/c21efa6a-3331-42d5-93cb-10e663d4e502.png','201609280249','112-group.png'),(64,90,'1.1','/resources/km_upload/project_work_file/98f0b3bb-067b-40d7-a953-f4d0fdce5833.jpg','201609280255','배경B (111).jpg'),(65,91,'1.0','/resources/km_upload/project_work_file/0c4053fd-eaab-44cf-a341-a83122f76887.jpg','201609280259','배경B (12).jpg'),(68,95,'1.1','/resources/km_upload/project_work_file/6fc6f3ad-bc9c-488c-830a-8e8d6472609a.mp3','201609280309','BewhY (비와이) & 사이먼 도미닉 (Simon Dominic)_쌈박자 (XamBaqJa) (Prod. by BewhY).mp3'),(69,96,'1.1','/resources/km_upload/project_work_file/6fc6f3ad-bc9c-488c-830a-8e8d6472609a.mp3','201609280309','BewhY (비와이) & 사이먼 도미닉 (Simon Dominic)_쌈박자 (XamBaqJa) (Prod. by BewhY).mp3'),(70,97,'1.0','/resources/km_upload/project_work_file/c21efa6a-3331-42d5-93cb-10e663d4e502.png','201609280310','112-group.png'),(71,99,'1.0','/resources/km_upload/project_work_file/c373871e-9d6c-4bad-b014-e7b3c08b7a43.jpg','201609280312','배경B (15).jpg'),(72,100,'1.0','/resources/km_upload/project_work_file/c4a72692-ac82-43f2-9509-417b02cfeb67.JPG','201609280312','배경B (10).JPG'),(73,101,'1.0','/resources/km_upload/project_work_file/abb85030-3877-4a79-afe8-d1658c3e0ded.png','201609280312','-----.png'),(73,102,'1.1','/resources/km_upload/project_work_file/c82fc545-09b4-4cea-b9e3-75b2a09c2d23.png','201609280313','-----.png'),(68,103,'1.1','/resources/km_upload/project_work_file/17f37f9d-4175-4774-9cdc-5f1878d9b497.png','201609280316','88-beer-mug.png'),(71,104,'1.1','/resources/km_upload/project_work_file/d4b32816-b2c7-4dd9-b7ab-bcd5cd72a806.jpg','201609280318','123456789012345678901234567890.jpg'),(74,105,'1.0','/resources/km_upload/project_work_file/f509e7d0-e4d2-4b5f-bf32-729e93e1b24d.PNG','201609280330','해상도.PNG'),(75,106,'1.0','/resources/km_upload/project_work_file/9f11c914-fec3-4fb4-8e07-42dfc763a35e.png','201609280333','OD04-02-03__포인트구매페이지99999.png'),(76,107,'1.0','/resources/km_upload/project_work_file/9f11c914-fec3-4fb4-8e07-42dfc763a35e.png','201609281012','OD04-02-03__포인트구매페이지99999.png'),(77,108,'1.0','/resources/km_upload/project_work_file/246ea190-8ae2-4446-90cc-2ea9f9367e29.PNG','201609281402','해상도.PNG'),(78,109,'1.0','/resources/km_upload/project_work_file/71c2f47b-dacd-49bf-bf34-78a14fbcac23.PNG','201609281403','해상도.PNG'),(79,110,'1.0','/resources/km_upload/project_work_file/595f030d-dfbf-49ba-8929-2ad7e6968ef3.jpg','201609291645','@temp03.jpg'),(80,111,'1.0','/resources/km_upload/project_work_file/567c7c5f-a4c3-4454-8bb7-d3222e2fb4bf.jpg','201609291649','evt_timeSale4.jpg'),(81,112,'1.0','/resources/km_upload/project_work_file/9e40ab24-22aa-4e15-b2f9-0d4a1df85557.jpg','201609291735','pic_profile.jpg'),(81,113,'1.1','/resources/km_upload/project_work_file/8953a13c-e727-4b42-9592-357526f400ef.jpg','201609291743','pic_profile5.jpg'),(79,114,'1.1','/resources/km_upload/project_work_file/e8e3c0f9-9461-41e5-b7ac-4cd3941b17a9.jpg','201609292133','@stamp_view_2.jpg'),(82,115,'1.0','/resources/km_upload/project_work_file/1bb7d62b-8fac-4073-b5c8-b470b6553cb9.png','201609292135','small.png'),(82,116,'1.1','/resources/km_upload/project_work_file/2274569f-770c-4ef9-b1e2-f92ccca7d4f6.jpg','201609300939','subject1.jpg'),(79,117,'1.2','/resources/km_upload/project_work_file/76f25d70-7bc2-44b2-a285-ef08d0c08f7f.jpg','201609300941','subject1.jpg'),(83,118,'1.0','/resources/km_upload/project_work_file/5e34a715-a393-49ac-9817-b702d1d7710f.jpg','201609300945','subject2.jpg'),(84,119,'1.0','/resources/km_upload/project_work_file/28be9f9a-ee13-4083-b8dd-5db5b5ac2252.jpg','201609300946','subject1.jpg'),(85,120,'1.0','/resources/km_upload/project_work_file/2e2f2efe-c068-4bb4-996b-499f4fde4248.jpg','201609300947','subject1.jpg'),(86,121,'1.0','/resources/km_upload/project_work_file/1adb9618-c76b-49be-a2ed-7060e48ac8cf.jpg','201609300948','subject2.jpg'),(87,122,'1.0','/resources/km_upload/project_work_file/a07db412-3cbb-4383-b024-f1b791f36f24.jpg','201609300949','subject1.jpg'),(88,123,'1.0','/resources/km_upload/project_work_file/82a34a72-ae86-43a7-8e02-cd720ea7f84e.jpg','201609300952','subject1.jpg'),(89,124,'1.0','/resources/km_upload/project_work_file/e477d138-0a8e-44d6-948f-226bb24a884c.jpg','201609301052','--B (15).jpg'),(90,125,'1.0','/resources/km_upload/project_work_file/e477d138-0a8e-44d6-948f-226bb24a884c.jpg','201609301052','--B (15).jpg'),(83,126,'1.1','/resources/km_upload/project_work_file/c09ae3f9-7054-4381-a646-854f234b1e2a.jpeg','201609301205','KakaoTalk_Photo_2016-09-10-16-36-00_13.jpeg'),(91,127,'1.1','/resources/km_upload/project_work_file/c09ae3f9-7054-4381-a646-854f234b1e2a.jpeg','201609301205','KakaoTalk_Photo_2016-09-10-16-36-00_13.jpeg'),(92,128,'1.0','/resources/km_upload/project_work_file/5c07a82f-d4e6-4956-9f77-e219fbe409ba.JPG','201610182311','DSC04916.JPG'),(93,129,'1.0','/resources/km_upload/project_work_file/3051ac7b-9f21-4d51-ad55-4550f51e2fe4.png','201610241924','161018_국민대 메인 디자인 수정.png'),(94,130,'1.0','/resources/km_upload/project_work_file/5c07a82f-d4e6-4956-9f77-e219fbe409ba.JPG','201610242047','DSC04916.JPG'),(95,131,'1.0','/resources/km_upload/project_work_file/5c07a82f-d4e6-4956-9f77-e219fbe409ba.JPG','201610242048','DSC04916.JPG'),(93,132,'1.1','/resources/km_upload/project_work_file/992e6c61-51f7-43cc-b0ae-377df603114f.png','201610242108','161018_국민대 메인 디자인 수정.png'),(96,133,'1.0','/resources/km_upload/project_work_file/1adc8710-d0a0-4952-af37-d87e144e4ad3.JPG','201610251721','배경B (6).JPG'),(96,134,'1.1','/resources/km_upload/project_work_file/f7bed085-e777-49c6-b995-acc65a551bac.JPG','201610251729','배경B (11).JPG'),(97,135,'1.0','/resources/km_upload/project_work_file/e2b62391-d963-42d9-86d6-069b65480cd6.png','201610261905','스크린샷 2016-10-26 오후 7.04.37.png'),(97,136,'1.1','/resources/km_upload/project_work_file/fe596dca-6f2b-440b-b731-c16ee7626fff.png','201610261906','스크린샷 2016-10-26 오후 7.06.13.png'),(98,137,'1.0','/resources/km_upload/project_work_file/7720801e-89ef-4f8f-b3e0-feccbaaeef96.png','201610261907','스크린샷 2016-10-26 오후 7.04.37.png'),(99,138,'1.0','/resources/km_upload/project_work_file/a895cec2-5cd5-4975-968e-6c1cd031db8a.png','201610262045','스크린샷 2016-10-26 오후 8.42.28.png'),(100,139,'1.0','/resources/km_upload/project_work_file/ab80ad53-f991-4e77-b42e-d2088692b5fe.png','201610262046','c3424f4e-d65b-40b5-b71d-de9686532e3d.png'),(101,140,'1.0','/resources/km_upload/project_work_file/3d408225-bb1e-47c6-9463-b864eec1065c.png','201610262046','스크린샷 2016-10-26 오후 8.18.09.png'),(102,141,'1.0','/resources/km_upload/project_work_file/e190b7ea-67a1-4e22-9461-9a16f6927d36.png','201610262047','스크린샷 2016-10-26 오후 8.12.20.png'),(103,142,'1.0','/resources/km_upload/project_work_file/22e568ec-fc02-461e-abb3-d4eb0f49cdb3.png','201610262048','스크린샷 2016-10-26 오후 7.59.40.png'),(104,143,'1.0','/resources/km_upload/project_work_file/86c8f64f-4c7b-4c70-80b5-9b492fa9de89.jpg','201610281416','스케치.jpg'),(105,144,'1.0','/resources/km_upload/project_work_file/e60750b5-dd76-4921-bf33-4da8e8380b66.jpg','201610281418','1.1_My Dorothy.jpg'),(106,145,'1.0','/resources/km_upload/project_work_file/f09b4d97-e6c7-4f67-9943-253533a97abe.jpg','201610281418','1.2_My Dorothy.jpg'),(107,146,'1.0','/resources/km_upload/project_work_file/5355fd66-0cee-4a3c-9a00-e17dea8a0aef.jpg','201610281419','1.3_My Dorothy.jpg'),(108,147,'1.0','/resources/km_upload/project_work_file/ddc8799b-23c0-4056-b2f8-17060b0289ee.jpg','201610281419','2.1_Sculpture in Motion.jpg'),(109,148,'1.0','/resources/km_upload/project_work_file/826427db-d37e-47a8-a25f-7d90b0fbf17f.jpg','201610281419','2.2_Sculpture in Motion.jpg'),(110,149,'1.0','/resources/km_upload/project_work_file/fccbf687-7902-460f-987c-d755741b68a3.jpg','201610281419','2.3_Sculpture in Motion.jpg'),(111,150,'1.0','/resources/km_upload/project_work_file/f58b56a4-3fcd-4bb5-a36c-e089ed8bb1da.jpg','201610281420','3.1_Customizing Patterns.jpg'),(112,151,'1.0','/resources/km_upload/project_work_file/e50e72a8-8682-4d1f-94fb-66ae16e3632e.jpg','201610281420','3.2_Customizing Patterns.jpg'),(113,152,'1.0','/resources/km_upload/project_work_file/5264c019-2a27-4c0a-8c82-28e28f49b5ca.jpg','201610281420','3.3_Customizing Patterns.jpg'),(114,153,'1.0','/resources/km_upload/project_work_file/5887a96e-2698-4eeb-a730-5343d161656f.jpg','201610281420','4.1_Music in Motion.jpg'),(115,154,'1.0','/resources/km_upload/project_work_file/45a47757-9484-497c-bbf3-4af09a6e83b2.jpg','201610281421','4.2_Music in Motion.jpg'),(116,155,'1.0','/resources/km_upload/project_work_file/e3e85fe8-bc1e-4d85-8091-6f2529b4b279.jpg','201610281421','4.3_Music in Motion.jpg'),(117,156,'1.0','/resources/km_upload/project_work_file/41c22b51-ac37-41ce-9e96-ad371a7265e8.jpg','201610281421','5.1_Remembrance.jpg'),(118,157,'1.0','/resources/km_upload/project_work_file/e7853345-d76c-4e51-aead-a657b7099c5e.jpg','201610281421','5.2_Remembrance.jpg'),(119,158,'1.0','/resources/km_upload/project_work_file/538feda2-1fb0-4854-bbab-1d215fedad70.jpg','201610281421','5.3_Remembrance.jpg'),(120,159,'1.0','/resources/km_upload/project_work_file/69575366-a097-4789-970d-be4eda674e85.jpg','201610281421','6.1_Red Carpet.jpg'),(121,160,'1.0','/resources/km_upload/project_work_file/9f84bcdb-9238-4ea8-b10d-dfb6294ecf91.jpg','201610281422','6.2_Red Carpet.jpg'),(122,161,'1.0','/resources/km_upload/project_work_file/e594055b-5d44-4853-b018-c58fd579d4fb.jpg','201610281422','6.3_Red Carpet.jpg'),(123,162,'1.0','/resources/km_upload/project_work_file/c79f7d05-bf6a-4c10-ba9d-cdf30f100100.jpg','201610281422','7.1_Color-Independent Visual-MIMO.jpg'),(124,163,'1.0','/resources/km_upload/project_work_file/3dd422bf-f6ed-4273-b803-5b971a0e6fd6.jpg','201610281422','7.2_Color-Independent Visual-MIMO.jpg'),(125,164,'1.0','/resources/km_upload/project_work_file/46be2900-8b3d-41df-82b1-c9e330e8a987.jpg','201610281422','7.3_Color-Independent Visual-MIMO.jpg'),(126,165,'1.0','/resources/km_upload/project_work_file/2f501c0f-4c40-46be-ba19-02e57e0b34b3.jpg','201610281423','8.1_Stretchable The motion sensing.jpg'),(127,166,'1.0','/resources/km_upload/project_work_file/f282a84f-1458-446d-bdc4-0c49087874dd.jpg','201610281423','9.1_Atmospheric pressure.jpg'),(128,167,'1.0','/resources/km_upload/project_work_file/ecc44ffb-01d4-460e-85e3-edc273ac06a9.jpg','201610281423','9.2_Atmospheric pressure.jpg'),(129,168,'1.0','/resources/km_upload/project_work_file/2e389ed3-db4a-4098-ac46-cbefeb4ff8aa.jpg','201610281423','9.3_Atmospheric pressure.jpg'),(130,169,'1.0','/resources/km_upload/project_work_file/2b8a9810-2246-41a1-970d-1221b97d7f6b.png','201610281441','하드웨어.png'),(131,170,'1.0','/resources/km_upload/project_work_file/0ecec366-4445-4f31-aec9-2f068f48a301.jpg','201610281442','하드웨어1.jpg'),(132,171,'1.0','/resources/km_upload/project_work_file/320395c6-e70e-403a-81b6-f9c25828569b.jpg','201610281445','오픈소프트웨어.jpg'),(133,172,'1.0','/resources/km_upload/project_work_file/ea856f8a-c87a-4051-aae1-52480abd301f.jpg','201610302334','RO51410221_w1000_h0.jpg'),(133,173,'1.1','/resources/km_upload/project_work_file/d2fe12d3-e4c9-49a0-b5d8-168df54f0f2d.jpg','201610302334','RO80697295_w1000_h0.jpg'),(134,174,'1.0','/resources/km_upload/project_work_file/95d66404-e645-4c01-bdc2-de5b503b1ef5.jpg','201611021943','images.jpg'),(135,175,'1.0','/resources/km_upload/project_work_file/8ce552f6-9e98-4579-9e99-a2783345bbe9.png','201611021943','디자이너위치.png'),(136,176,'1.0','/resources/km_upload/project_work_file/0bd11480-0a3c-4173-9c16-948436e1fb1b.png','201611021944','위치.png'),(137,177,'1.0','/resources/km_upload/project_work_file/74de8a77-775d-4e86-a2c0-afe64b73d5dc.png','201611021945','위치.png'),(138,178,'1.0','/resources/km_upload/project_work_file/ec306065-dd97-4fe5-963f-d5c79e2e818a.png','201611021945','디자이너이름클릭.png'),(139,179,'1.0','/resources/km_upload/project_work_file/e2e59c84-7783-4b4f-a4a2-cfcae70dba60.png','201611021946','디자이너이름클릭.png'),(140,180,'1.0','/resources/km_upload/project_work_file/95d66404-e645-4c01-bdc2-de5b503b1ef5.jpg','201611022008','images.jpg'),(141,181,'1.0','/resources/km_upload/project_work_file/83787df1-1a89-462a-a519-25f79ea6dd28.jpg','201611022045','ㅏㅏㅏㅏㅏㅏㅏㅏㅏㅏㅏㅏㅏㅏㅏㅏㅏㅏㅏㅏㅏㅏㅏㅏㅏㅏㅏㅏㅏㅏㅏㅏㅏㅏㅏㅏㅏㅏㅏㅏㅏㅏㅏㅏㅏㅏㅏㅏㅏㅏㅏㅏㅏㅏㅏㅏㅏㅏㅏㅏㅏㅏㅏㅏㅏㅏㅏㅏㅏㅏㅏㅏㅏㅏㅏㅏㅏㅏㅏㅏㅏㅏㅏㅏㅏㅏㅏㅏㅏㅏㅏㅏㅏ.jpg'),(142,182,'1.0','/resources/km_upload/project_work_file/83787df1-1a89-462a-a519-25f79ea6dd28.jpg','201611022045','ㅏㅏㅏㅏㅏㅏㅏㅏㅏㅏㅏㅏㅏㅏㅏㅏㅏㅏㅏㅏㅏㅏㅏㅏㅏㅏㅏㅏㅏㅏㅏㅏㅏㅏㅏㅏㅏㅏㅏㅏㅏㅏㅏㅏㅏㅏㅏㅏㅏㅏㅏㅏㅏㅏㅏㅏㅏㅏㅏㅏㅏㅏㅏㅏㅏㅏㅏㅏㅏㅏㅏㅏㅏㅏㅏㅏㅏㅏㅏㅏㅏㅏㅏㅏㅏㅏㅏㅏㅏㅏㅏㅏㅏ.jpg'),(143,183,'1.0','/resources/km_upload/project_work_file/9ffd88da-28a8-4487-85c9-f116d26f94b7.jpg','201611022047','quickcoding2.jpg'),(144,184,'1.0','/resources/km_upload/project_work_file/4ebb83e6-be55-48b0-a6a2-b99f31278329.jpg','201611022048','ㅏㅏㅏㅏㅏㅏㅏㅏㅏㅏㅏㅏㅏㅏㅏㅏㅏㅏㅏㅏㅏㅏㅏㅏㅏㅏㅏㅏㅏㅏㅏㅏㅏㅏㅏㅏㅏㅏㅏㅏㅏㅏㅏㅏㅏㅏㅏㅏㅏㅏㅏㅏㅏㅏㅏㅏㅏㅏㅏㅏㅏㅏㅏㅏㅏㅏㅏㅏㅏㅏㅏㅏㅏㅏㅏㅏㅏㅏㅏㅏㅏㅏㅏㅏㅏㅏㅏㅏㅏㅏㅏㅏㅏ.jpg'),(145,185,'1.0','/resources/km_upload/project_work_file/4ebb83e6-be55-48b0-a6a2-b99f31278329.jpg','201611022051','ㅏㅏㅏㅏㅏㅏㅏㅏㅏㅏㅏㅏㅏㅏㅏㅏㅏㅏㅏㅏㅏㅏㅏㅏㅏㅏㅏㅏㅏㅏㅏㅏㅏㅏㅏㅏㅏㅏㅏㅏㅏㅏㅏㅏㅏㅏㅏㅏㅏㅏㅏㅏㅏㅏㅏㅏㅏㅏㅏㅏㅏㅏㅏㅏㅏㅏㅏㅏㅏㅏㅏㅏㅏㅏㅏㅏㅏㅏㅏㅏㅏㅏㅏㅏㅏㅏㅏㅏㅏㅏㅏㅏㅏ.jpg'),(146,186,'1.0','/resources/km_upload/project_work_file/95b88a70-3fb1-47e3-a3f2-abbad2e1e757.jpg','201611022052','khj.jpg'),(147,187,'1.0','/resources/km_upload/project_work_file/bee41e2b-6f73-4d92-9e3a-775a74dd5f37.jpg','201611022052','images.jpg'),(148,188,'1.0','/resources/km_upload/project_work_file/c45d71df-6310-4491-b883-d530cf0b4fef.png','201611022053','위치.png'),(149,189,'1.0','/resources/km_upload/project_work_file/83787df1-1a89-462a-a519-25f79ea6dd28.jpg','201611022054','ㅏㅏㅏㅏㅏㅏㅏㅏㅏㅏㅏㅏㅏㅏㅏㅏㅏㅏㅏㅏㅏㅏㅏㅏㅏㅏㅏㅏㅏㅏㅏㅏㅏㅏㅏㅏㅏㅏㅏㅏㅏㅏㅏㅏㅏㅏㅏㅏㅏㅏㅏㅏㅏㅏㅏㅏㅏㅏㅏㅏㅏㅏㅏㅏㅏㅏㅏㅏㅏㅏㅏㅏㅏㅏㅏㅏㅏㅏㅏㅏㅏㅏㅏㅏㅏㅏㅏㅏㅏㅏㅏㅏㅏ.jpg'),(148,190,'1.1','/resources/km_upload/project_work_file/74bfdd5b-d592-4c49-b525-2b99aa3f6233.jpg','201611022055','khj.jpg'),(150,191,'1.0','/resources/km_upload/project_work_file/37032f3a-7a0a-4020-9172-4695ddb49acb.jpg','201611041339','1.jpg'),(151,192,'1.0','/resources/km_upload/project_work_file/014398c6-0dda-4a7d-bc35-f830744044e8.jpg','201611041340','3.jpg'),(152,193,'1.0','/resources/km_upload/project_work_file/cde91437-8e99-4fa8-99f6-5106a478be72.jpg','201611041509','P0000039_OKO_3230-2-1.jpg'),(153,194,'1.0','/resources/km_upload/project_work_file/cde91437-8e99-4fa8-99f6-5106a478be72.jpg','201611041744','P0000039_OKO_3230-2-1.jpg'),(153,195,'1.1','/resources/km_upload/project_work_file/2761e643-b671-49e9-b2b1-f3fe3c501e20.png','201611041744','icon-stripe.png'),(154,196,'1.0','/resources/km_upload/project_work_file/8885c60c-f50d-4270-a816-fd5dc41cbdff.jpg','201611072008','L4808964492314.jpg'),(154,197,'1.1','/resources/km_upload/project_work_file/26719f0d-765a-4d94-8bf2-e88ee6bbcdfa.jpg','201611072009','250_영어회화를위한그림영문법.jpg'),(155,198,'1.0','/resources/km_upload/project_work_file/c4caa50e-a2b4-4255-8940-9120b2599bea.jpg','201611072114','35883_2.jpg'),(156,199,'1.0','/resources/km_upload/project_work_file/2e6b4a6a-c8df-4399-b852-821d96be9b4d.jpg','201611072115','2014100641031124.jpg'),(157,200,'1.0','/resources/km_upload/project_work_file/6087c905-9cde-4317-9e3d-5b0f06460fee.jpg','201611072115','autonomous.jpg'),(158,201,'1.0','/resources/km_upload/project_work_file/9675b94f-5a2c-4be0-a869-15b23c699601.jpg','201611072115','images.jpg'),(159,202,'1.0','/resources/km_upload/project_work_file/9b5f57af-5fba-42d1-8f7b-bcc5c468068e.jpg','201611072115','car_Radar_driverlessvolvo.jpg'),(160,203,'1.0','/resources/km_upload/project_work_file/8a8f0bc5-88ee-441a-bce7-dace0e6b6dfc.jpg','201611072115','002(7).jpg'),(161,204,'1.0','/resources/km_upload/project_work_file/5ce160fd-23ec-4051-a7db-5e098634f5f9.jpg','201611072115','3.jpg'),(162,205,'1.0','/resources/km_upload/project_work_file/2089388e-d2a6-44d1-9832-7962a69f702a.jpg','201611072115','20111002_20111002131415440120052_011415440.jpg'),(163,206,'1.0','/resources/km_upload/project_work_file/35142cdb-cbeb-434c-bd02-0519e0683c39.jpg','201611072116','2606412957_20110326184129057120052.jpg'),(164,207,'1.0','/resources/km_upload/project_work_file/88d1accf-4f57-4883-be16-84385e8264aa.jpg','201611072116','r9HejQJ.jpg'),(165,208,'1.0','/resources/km_upload/project_work_file/3e5f153c-d760-4479-bf14-1ded356f3efe.jpg','201611072116','b0091669_4b66cd15d3056.jpg'),(166,209,'1.0','/resources/km_upload/project_work_file/164cd6d9-a4a5-47a9-926f-ee75609d5e90.jpg','201611072116','b0091669_4c5514e175a61.jpg'),(167,210,'1.0','/resources/km_upload/project_work_file/887a125c-523e-418a-b75b-e27a3eea4757.jpg','201611072116','images.jpg'),(168,211,'1.0','/resources/km_upload/project_work_file/6444c59b-43ab-4042-b694-2095745a14f2.jpg','201611072116','images (2).jpg'),(169,212,'1.0','/resources/km_upload/project_work_file/fe0219bc-4037-449a-a10a-a7ef574e9988.jpg','201611072116','B_01620201.jpg'),(170,213,'1.0','/resources/km_upload/project_work_file/308cf7f4-6089-46be-b322-0d26f8520717.jpg','201611072117','2010-07-01_061436.jpg'),(171,214,'1.0','/resources/km_upload/project_work_file/45ca5ae0-32bf-411b-ad49-ea8a9a148561.jpg','201611072117','20121217_150018.jpg'),(172,215,'1.0','/resources/km_upload/project_work_file/ead9c434-e231-4646-a03b-e7d314071250.png','201611072117','acura_nsx_3d_printed_model1-100228031-large.png'),(173,216,'1.0','/resources/km_upload/project_work_file/1a437fb8-d6fb-4170-a8c1-5c46b63fa5b4.jpg','201611072117','car1.jpg'),(174,217,'1.0','/resources/km_upload/project_work_file/f1ccb401-b52b-434d-867d-137fe2e6f678.jpg','201611072117','자동차-내부-구조도-800x448.jpg'),(175,218,'1.0','/resources/km_upload/project_work_file/ae2221ab-affd-4351-87f7-e1b87dc7ae78.jpg','201611072118','1a416c0a809fbf0beb01709ad71ea552.jpg'),(176,219,'1.0','/resources/km_upload/project_work_file/022a02c7-68ae-4d39-b92f-c05d5bc231f8.jpg','201611072118','images (2).jpg'),(177,220,'1.0','/resources/km_upload/project_work_file/e99d42f2-d838-4cd3-8865-e66ba5d6c649.jpg','201611072118','다운로드.jpg'),(178,221,'1.0','/resources/km_upload/project_work_file/ee40b9de-2801-4a8d-bfac-0bdaa3012c3b.jpg','201611072118','cce0ef599f0a6448be130a2d179669a5.jpg'),(179,222,'1.0','/resources/km_upload/project_work_file/20c0bc54-c8b5-486c-9b66-c0a395f16b14.jpg','201611072118','111ce33416b7ab532255cdd18eb2f9ee.jpg'),(180,223,'1.0','/resources/km_upload/project_work_file/76d62532-b20e-4b9f-a4f5-e695442ff08d.jpg','201611072118','3.jpg'),(181,224,'1.0','/resources/km_upload/project_work_file/3f328c13-05e0-428f-a408-47acef014a34.jpg','201611072119','30263_2.jpg'),(182,225,'1.0','/resources/km_upload/project_work_file/846c0f55-60b5-43ca-a4c8-bf685502ce80.jpg','201611072119','Hyundai-Qarmaq-interior-sketch-4-lg.jpg'),(183,226,'1.0','/resources/km_upload/project_work_file/f67c520b-52b9-42b3-b671-be0a06938eb3.jpg','201611072119','212_2.jpg'),(184,227,'1.0','/resources/km_upload/project_work_file/b64387d5-5a8a-47a5-bbd9-554e88931fc1.jpg','201611072119','2.jpg'),(185,228,'1.0','/resources/km_upload/project_work_file/26cfd9b1-cccf-4a73-9096-3081eaec263b.jpg','201611072119','images.jpg'),(186,229,'1.0','/resources/km_upload/project_work_file/58cb0b61-0a4f-4b1f-bd1f-5b12225cddea.jpg','201611072146','images.jpg'),(187,230,'1.0','/resources/km_upload/project_work_file/de52c34d-eeac-4170-847d-912b41ab0fc9.jpg','201611072147','2.jpg'),(188,231,'1.0','/resources/km_upload/project_work_file/227f5d78-4df5-4c1f-9c17-64f0de540a73.jpg','201611072147','2010-07-01_061436.jpg'),(189,232,'1.0','/resources/km_upload/project_work_file/09711c11-69dc-48b1-9490-a7d8966ead28.jpg','201611072147','2010-07-01_061436.jpg'),(190,233,'1.0','/resources/km_upload/project_work_file/cee9db6e-e8ea-493d-95f9-9ca011750bd3.jpg','201611072147','자동차-내부-구조도-800x448.jpg'),(191,234,'1.0','/resources/km_upload/project_work_file/3d05a983-8edb-41c4-baae-bd64d22fe388.jpg','201611072147','자동차-내부-구조도-800x448.jpg'),(192,235,'1.0','/resources/km_upload/project_work_file/e4300abd-8bb2-4580-8cb9-b1c2130cb279.png','201611072147','acura_nsx_3d_printed_model1-100228031-large.png'),(193,236,'1.0','/resources/km_upload/project_work_file/fadd8749-9ef8-4a35-aca8-2b8bc1b1edc9.jpg','201611072147','2010-07-01_061436.jpg'),(152,237,'1.1','/resources/km_upload/project_work_file/bcb706f7-5680-46c6-ab2d-d8432697a6cf.jpg','201611180928','Img0404_20151208103343_3.jpg'),(194,238,'1.1','/resources/km_upload/project_work_file/bcb706f7-5680-46c6-ab2d-d8432697a6cf.jpg','201611180928','Img0404_20151208103343_3.jpg'),(195,239,'1.0','/resources/km_upload/project_work_file/8c4113c5-bb29-43ce-83c4-ae12aa08f284.jpg','201611181409','pageback.jpg');

/*Table structure for table `t_request_board` */

DROP TABLE IF EXISTS `t_request_board`;

CREATE TABLE `t_request_board` (
  `board_type` varchar(20) COLLATE utf8_bin DEFAULT NULL COMMENT '구분',
  `title` varchar(200) COLLATE utf8_bin DEFAULT NULL COMMENT '제목',
  `contents` text COLLATE utf8_bin COMMENT '내용',
  `seq` int(11) NOT NULL AUTO_INCREMENT COMMENT 'seq',
  `member_seq` int(11) DEFAULT NULL COMMENT '작성자seq',
  `register_time` char(12) COLLATE utf8_bin DEFAULT NULL COMMENT '등록일시',
  `update_time` char(18) COLLATE utf8_bin DEFAULT NULL COMMENT '수정일시',
  PRIMARY KEY (`seq`),
  KEY `member_seq` (`member_seq`)
) ENGINE=InnoDB AUTO_INCREMENT=65 DEFAULT CHARSET=utf8 COLLATE=utf8_bin;

/*Data for the table `t_request_board` */

insert  into `t_request_board`(`board_type`,`title`,`contents`,`seq`,`member_seq`,`register_time`,`update_time`) values ('D','의뢰','..ㅏㅏㅏㅏ',2,41,'201610111613','201610242329'),('D','okky','okkyokkyokky',3,41,'201610242327','201610242330'),('D','이미지길이 test','123',4,41,'201610242337','201610242337'),('D','456','456',5,41,'201610242337','201610242337'),('D','789','789',6,41,'201610242338','201610242338'),('D','1234','1234',7,41,'201610242338','201610242338'),('D','4567','4567',8,41,'201610242338','201610242338'),('D','78910','78910',9,41,'201610242339','201610242339'),('D','asdf','asdf',10,41,'201610242339','201610242339'),('D','ㅂㅈㄷㄱ','ㅂㅈㄷㄱ',11,41,'201610242339','201610242339'),('D','ㄴㄴㄴㄴㄴㄴㄴㄴㄴㄴ','ㄴㄴㄴㄴㄴㄴㄴㄴㄴㄴㄴ',13,41,'201610242340','201610242340'),('D','ㅅㄷㄴㅅㄷㄹㄷㄹㄷㄹㄹㄷ','ㄸㄹㄹㄷㄹㄹㄸㄹㄹㄸㄹ',15,53,'201610291604','201610291608'),('D','현재 시각 12시 11분 (수정해보겠습니다)','현재 시각 12시 11분 (수정해보겠습니다)',19,41,'201611020011','201611020013'),('D','현재 시각 12시 12분','현재 시각 12시 12분',20,41,'201611020012','201611020012'),('D','12345678901234567890123456789012345678901234567890','1234567890123456789012345678901234567890123456789012345678901234567890123456789012345678901234567890123456789012345678901234567890123456789012345678901234567890123456789012345678901234567890123456789012345678901234567890123456789012345678901234567890123456789012345678901234567890123456789012345678901234567890123456789012345678901234567890123456789012345678901234567890123456789012345678901234567890123456789012345678901234567890123456789012345678901234567890123456789012345678901234567890123456789012345678901234567890123456789012345678901234567890123456789012345678901234567890123456789012345678901234567890123456789012345678901234567890123456789012345678901234567890123456789012345678901234567890123456789012345678901234567890123456789012345678901234567890123456789012345678901234567890123456789012345678901234567890123456789012345678901234567890123456789012345678901234567890123456789012345678901234567890123456789012345678901234567890123456789012345678901234567890123456789012345678901234567890',21,41,'201611020016','201611020016'),('D','12345678901234567890123456789012345678901234567890','1234567890123456789012345678901234567890123456789012345678901234567890123456789012345678901234567890123456789012345678901234567890123456789012345678901234567890123456789012345678901234567890123456789012345678901234567890123456789012345678901234567890123456789012345678901234567890123456789012345678901234567890123456789012345678901234567890123456789012345678901234567890123456789012345678901234567890123456789012345678901234567890123456789012345678901234567890123456789012345678901234567890123456789012345678901234567890123456789012345678901234567890123456789012345678901234567890123456789012345678901234567890123456789012345678901234567890123456789012345678901234567890123456789012345678901234567890123456789012345678901234567890123456789012345678901234567890123456789012345678901234567890123456789012345678901234567890123456789012345678901234567890123456789012345678901234567890123456789012345678901234567890123456789012345678901234567890123456789012345678901234567890123456789012345678901234567890',22,41,'201611020016','201611020016'),('D','12345678901234567890123456789012345678901234567890','12345678901234567890123456789012345678901234567890123456789012345678901234567890123456789012345678901234567890123456789012345678901234567890123456789012345678901234567890123456789012345678901234567890123456789012345678901234567890123456789012345678901234567890123456789012345678901234567890123456789012345678901234567890123456789012345678901234567890123456789012345678901234567890123456789012345678901234567890123456789012345678901234567890123456789012345678901234567890123456789012345678901234567890123456789012345678901234567890123456789012345678901234567890123456789012345678901234567890123456789012345678901234567890123456789012345678901234567890123456789012345678901234567890123456789012345678901234567890123456789012345678901234567890123456789012345678901234567890123456789012345678901234567890123456789012345678901234567890123456789012345678901234567890123456789012345678901234567890123456789012345678901234567890123456789012345678901234567890123456789012345678901234567890123456789012345678901234567890123456789012345678901234567890123456789012345678901234567890123456789012345678901234567890123456789012345678901234567890123456789012345678901234567890123456789012345678901234567890123456789012345678901234567890123456789012345678901234567890123456789012345678901234567890123456789012345678901234567890123456789012345678901234567890123456789012345678901234567890123456789012345678901234567890123456789012345678901234567890123456789012345678901234567890123456789012345678901234567890123456789012345678901234567890123456789012345678901234567890123456789012345678901234567890123456789012345678901234567890123456789012345678901234567890123456789012345678901234567890123456789012345678901234567890123456789012345678901234567890123456789012345678901234567890123456789012345678901234567890123456789012345678901234567890123456789012345678901234567890123456789012345678901234567890123456789012345678901234567890123456789012345678901234567890123456789012345678901234567890123456789012345678901234567890',23,41,'201611020016','201611020016'),('D','12345678901234567890123456789012345678901234567890','123456789012345678901234567890123456789012345678901234567890123456789012345678901234567890123456789012345678901234567890123456789012345678901234567890123456789012345678901234567890123456789012345678901234567890123456789012345678901234567890123456789012345678901234567890123456789012345678901234567890123456789012345678901234567890123456789012345678901234567890123456789012345678901234567890123456789012345678901234567890123456789012345678901234567890123456789012345678901234567890123456789012345678901234567890123456789012345678901234567890123456789012345678901234567890123456789012345678901234567890123456789012345678901234567890123456789012345678901234567890123456789012345678901234567890123456789012345678901234567890123456789012345678901234567890123456789012345678901234567890123456789012345678901234567890123456789012345678901234567890123456789012345678901234567890123456789012345678901234567890123456789012345678901234567890123456789012345678901234567890123456789012345678901234567890123456789012345678901234567890123456789012345678901234567890123456789012345678901234567890123456789012345678901234567890123456789012345678901234567890123456789012345678901234567890123456789012345678901234567890123456789012345678901234567890123456789012345678901234567890123456789012345678901234567890123456789012345678901234567890123456789012345678901234567890123456789012345678901234567890123456789012345678901234567890123456789012345678901234567890123456789012345678901234567890123456789012345678901234567890123456789012345678901234567890123456789012345678901234567890123456789012345678901234567890123456789012345678901234567890123456789012345678901234567890123456789012345678901234567890123456789012345678901234567890123456789012345678901234567890123456789012345678901234567890123456789012345678901234567890123456789012345678901234567890123456789012345678901234567890123456789012345678901234567890123456789012345678901234567890123456789012345678901234567890123456789012345678901234567890123456789012345678901234567890123456789012345678901234567890123456789012345678901234567890123456789012345678901234567890123456789012345678901234567890123456789012345678901234567890123456789012345678901234567890123456789012345678901234567890123456789012345678901234567890123456789012345678901234567890123456789012345678901234567890123456789012345678901234567890123456789012345678901234567890123456789012345678901234567890123456789012345678901234567890123456789012345678901234567890123456789012345678901234567890123456789012345678901234567890123456789012345678901234567890123456789012345678901234567890123456789012345678901234567890123456789012345678901234567890123456789012345678901234567890123456789012345678901234567890123456789012345678901234567890123456789012345678901234567890123456789012345678901234567890123456789012345678901234567890123456789012345678901234567890123456789012345678901234567890123456789012345678901234567890123456789012345678901234567890123456789012345678901234567890123456789012345678901234567890',24,41,'201611020016','201611020016'),('D','ㄴㅇㄹ','ㅇ',27,66,'201611021909','201611021909'),('D','ㅁㄴㅇ','ㅁ',29,66,'201611021909','201611021909'),('D','ㄴㅇㄹㄴㅇㄻㄴㅇㄻㄴㅇㄻㄴㅇㄻㄴㅇㄹㄴㅁㅇㄻㄴㅇㄻㄴㅇㄹㄴㅁㅇㄹ','ㄴㅇㄹㄴㅇㄻㄴㅇㄻㄴㅇㄻㄴㅇㄻㄴㅇㄹㄴㅁㅇㄻㄴㅇㄻㄴㅇㄹㄴㅁㅇㄹ',30,66,'201611021909','201611021909'),('D','ㅁㄴㅇㅁㄴㅇㅁㄴㅇㅁㄴㅇ','ㅁㄴㅇㅁㄴㅇ',31,66,'201611021909','201611021909'),('D','ㄴㅇㄹ','ㅇㄴㄹ',32,66,'201611021911','201611021911'),('D','1','1',33,66,'201611021911','201611021911'),('D','ㄹ','ㄹ',34,66,'201611021912','201611021912'),('D','ㄴㅇㄹ','ㄹ',36,66,'201611021915','201611021915'),('D','ㅁㅁㅁ','ㅁㅁㅁ',37,66,'201611021919','201611021919'),('D','ㄴㄴ','ㄴㄴ',38,66,'201611021919','201611021919'),('D','a','a',39,66,'201611021927','201611021927'),('D','kk','kk',40,66,'201611021927','201611021927'),('D','dd','d',46,66,'201611021929','201611021929'),('D',' b','b ',47,66,'201611021929','201611021929'),('D','12345678901234567890123456789012345678901234567890','1234567890123456789012345678901234567890123456789012345678901234567890123456789012345678901234567890123456789012345678901234567890123456789012345678901234567890123456789012345678901234567890123456789012345678901234567890123456789012345678901234567890123456789012345678901234567890123456789012345678901234567890123456789012345678901234567890123456789012345678901234567890123456789012345678901234567890',54,53,'201611041526','201611041526'),('D','12345678901234567890123456789012345678901234567890','1234567890123456789012345678901234567890123456789012345678901234567890123456789012345678901234567890123456789012345678901234567890123456789012345678901234567890123456789012345678901234567890123456789012345678901234567890123456789012345678901234567890123456789012345678901234567890123456789012345678901234567890123456789012345678901234567890123456789012345678901234567890123456789012345678901234567890\r\n1234567890123456789012345678901234567890123456789012345678901234567890123456789012345678901234567890123456789012345678901234567890123456789012345678901234567890123456789012345678901234567890123456789012345678901234567890123456789012345678901234567890123456789012345678901234567890123456789012345678901234567890123456789012345678901234567890123456789012345678901234567890123456789012345678901234567890\r\n1234567890123456789012345678901234567890123456789012345678901234567890123456789012345678901234567890123456789012345678901234567890123456789012345678901234567890123456789012345678901234567890123456789012345678901234567890123456789012345678901234567890123456789012345678901234567890123456789012345678901234567890123456789012345678901234567890123456789012345678901234567890123456789012345678901234567890\r\n1234567890123456789012345678901234567890123456789012345678901234567890123456789012345678901234567890123456789012345678901234567890123456789012345678901234567890123456789012345678901234567890123456789012345678901234567890123456789012345678901234567890123456789012345678901234567890123456789012345678901234567890123456789012345678901234567890123456789012345678901234567890123456789012345678901234567890\r\n1234567890123456789012345678901234567890123456789012345678901234567890123456789012345678901234567890123456789012345678901234567890123456789012345678901234567890123456789012345678901234567890123456789012345678901234567890123456789012345678901234567890123456789012345678901234567890123456789012345678901234567890123456789012345678901234567890123456789012345678901234567890123456789012345678901234567890\r\n1234567890123456789012345678901234567890123456789012345678901234567890123456789012345678901234567890123456789012345678901234567890123456789012345678901234567890123456789012345678901234567890123456789012345678901234567890123456789012345678901234567890123456789012345678901234567890123456789012345678901234567890123456789012345678901234567890123456789012345678901234567890123456789012345678901234567890\r\n',55,53,'201611041527','201611041527'),('D','공예','공예공예공예',56,53,'201611041703','201611041703'),('D','디자인 의뢰 합니다.','의뢰 부탁합니다.',57,85,'201611041748','201611041748'),('D','ㅁㄴㅇ','ㄴㅇㄹㄴㅇㄹ',59,90,'201611152057','201611152057'),('D','ㅁㄴㅇㄹ333','ㅁㄴㅇㄹ',60,90,'201611152058','201611152058'),('D','ㅁㄴㅇㄻㄴㅇㄹ444','ㄴㅇㅀ',61,90,'201611152058','201611152058'),('D','ㅁㄴㅇㅁㄴㅇㅁㄴㅇㅁㄴㅇㅁㄴㅇㅁㄴㅇㅁㄴㅇㅁㄴㅇㅁㄴㅇㅁㄴㅇㅁㄴㅇㅁㄴㅇㅁㄴㅇㅁ','ㅁㄴㅇ',62,90,'201611152102','201611152102'),('D','1234123412341234123412341234123412341234','ㅁㄴㅇ',63,90,'201611152102','201611152102'),('D','ㅁㄴㅇ','ㅁㄴㅇ',64,90,'201611152103','201611152103');

/*Table structure for table `t_request_board_category` */

DROP TABLE IF EXISTS `t_request_board_category`;

CREATE TABLE `t_request_board_category` (
  `board_seq` int(11) NOT NULL COMMENT '게시판seq',
  `category_code` varchar(9) COLLATE utf8_bin NOT NULL COMMENT '카테고리코드',
  PRIMARY KEY (`board_seq`,`category_code`)
) ENGINE=InnoDB DEFAULT CHARSET=utf8 COLLATE=utf8_bin;

/*Data for the table `t_request_board_category` */

insert  into `t_request_board_category`(`board_seq`,`category_code`) values (2,'001'),(3,'004'),(4,'006002'),(5,'007002'),(6,'002004'),(7,'006003'),(8,'002003'),(9,'001003'),(10,'006006'),(11,'007005'),(13,'005004'),(15,'001'),(19,'001'),(20,'001'),(21,'001'),(22,'001'),(23,'001'),(24,'001'),(27,'001'),(29,'001'),(30,'001'),(31,'001'),(32,'001'),(33,'001'),(34,'001'),(36,'001'),(37,'001'),(38,'001'),(39,'001001002'),(40,'001001001'),(46,'001'),(47,'001'),(54,'001'),(55,'001'),(56,'004'),(57,'001'),(59,'001002'),(60,'004'),(61,'004'),(62,'002'),(63,'002'),(64,'003');

/*Table structure for table `t_request_board_comment` */

DROP TABLE IF EXISTS `t_request_board_comment`;

CREATE TABLE `t_request_board_comment` (
  `member_seq` int(11) DEFAULT NULL COMMENT '회원seq',
  `board_seq` int(11) DEFAULT NULL COMMENT '게시판seq',
  `contents` varchar(3000) COLLATE utf8_bin DEFAULT NULL COMMENT '내용',
  `seq` int(11) NOT NULL AUTO_INCREMENT COMMENT '댓글seq',
  `register_time` char(12) COLLATE utf8_bin DEFAULT NULL COMMENT '등록일시',
  PRIMARY KEY (`seq`),
  KEY `member_seq` (`member_seq`),
  KEY `board_seq` (`board_seq`)
) ENGINE=InnoDB AUTO_INCREMENT=75 DEFAULT CHARSET=utf8 COLLATE=utf8_bin;

/*Data for the table `t_request_board_comment` */

insert  into `t_request_board_comment`(`member_seq`,`board_seq`,`contents`,`seq`,`register_time`) values (41,3,'ㅋㅋ',1,'201610242328'),(41,3,'ㅋㅋㅋ',2,'201610242328'),(41,2,'..',3,'201610242328'),(41,2,'....',4,'201610242328'),(41,2,'..........',5,'201610242328'),(41,2,'1234567890',6,'201610242328'),(41,2,'12345678901234567890',7,'201610242328'),(41,2,'123456789012345678901234567890',8,'201610242328'),(41,2,'1234567890123456789012345678901234567890',9,'201610242328'),(41,2,'123456789012345678901234567890123456789012345678901234567890',10,'201610242329'),(41,2,'123456789012345678901234567890123456789012345678901234567890123456789012345678901234567890123456789012345678901234567890123456789012345678901234567890123456789012345678901234567890',11,'201610242329'),(41,13,'ㅎㅎㅎㅎㅎㅎㅎㅎㅎㅎ',12,'201610242340'),(53,12,'ㅑ러댜러ㅑㄸㄹㄷ',13,'201610291606'),(53,12,'ㄹ랻러ㅑㄹ더',14,'201610291606'),(53,12,'ㅑㄷ러ㅑㄷ럴ㄷ',15,'201610291606'),(53,12,'ㅑ랴더ㅑㄷ러',16,'201610291606'),(53,12,'ㄷ랴ㅓㄷ랴ㅓㅑㄷㄹ',17,'201610291606'),(53,12,'ㅑㅓ랴더ㅑㄹ더',18,'201610291606'),(53,12,'ㄹ댜ㅓㄹ댜ㅓㄹ댜',19,'201610291606'),(53,12,'ㄷ랴ㅓㄷ랴ㅓㄹㄷ',20,'201610291606'),(41,18,'123456789012345678901234567890',21,'201610311407'),(43,18,'ㅁㄴㅇ',22,'201611010237'),(41,18,'123456789012345678901234567890',25,'201611020009'),(41,2,'일이삼사오륙칠팔구십일이삼사오륙칠팔구십일이삼사오륙칠팔구십',26,'201611020010'),(41,2,'일이삼사오륙칠팔구십',27,'201611020010'),(41,2,'일이삼사오륙칠팔구십일이삼사오륙칠팔구십',28,'201611020010'),(41,2,'일이삼사오륙칠팔구십일이삼사오륙칠팔구십일이삼사오륙칠팔구십',29,'201611020010'),(41,2,'일이삼사오륙칠팔구십일이삼사오륙칠팔구십일이삼사오륙칠팔구십',30,'201611020010'),(41,19,'1211',31,'201611020012'),(41,20,'1212',32,'201611020012'),(66,36,'ㅁㄴㅇㄹㄴㅁㅇㄹㄴㅇㄹ',33,'201611021916'),(66,21,'ㅎ',34,'201611021916'),(66,21,'ㅎ',35,'201611021916'),(66,21,'ㄹ',36,'201611021916'),(66,21,'ㄴ',37,'201611021916'),(66,21,'ㅁ',38,'201611021916'),(66,21,'ㅁ',39,'201611021916'),(66,21,'ㅁ',40,'201611021916'),(66,22,'ㄴ',41,'201611021917'),(66,22,'ㅇ',42,'201611021917'),(66,22,'ㄹ',43,'201611021917'),(66,22,'ㅎ',44,'201611021917'),(66,22,'ㄴ',45,'201611021917'),(66,22,'ㄴ',46,'201611021917'),(66,22,'ㄹ',47,'201611021917'),(66,22,'ㅇ',48,'201611021917'),(66,22,'ㅁㄴ',49,'201611021917'),(72,49,'ㅇㅇㅇㅇㅇㅇㅇㅇㅇㅇㅇㅇㅇㅇㅇㅇㅇㅇㅇㅇㅇㅇㅇㅇㅇㅇㅇㅇㅇㅇ',50,'201611021952'),(78,49,'ㅇㅇㅇㅇㅇㅇㅇㅇㅇㅇㅇㅇㅇㅇㅇㅇㅇㅇㅇㅇㅇㅇㅇㅇㅇㅇㅇㅇㅇㅇ',51,'201611021952'),(53,37,'ㄹㄷㄹㄷㄹㄷ',69,'201611041702'),(90,60,'ㅁㄴㅇㄹ',70,'201611152059'),(90,59,'ㅁㄴㅇㄹ',71,'201611152059'),(90,57,'aㄴㅇㄹaㄴㅇㄹaㄴㅇㄹaㄴㅇㄹaㄴㅇㄹaㄴㅇㄹaㄴㅇㄹaㄴ',72,'201611152059'),(90,62,'ㅁ<br/>ㅁ<br/>ㅁ<br/>ㅁ<br/>ㅁ<br/>ㅁ<br/>ㅁ<br/>',73,'201611152138'),(90,62,'1<br/>2<br/>3<br/>4<br/>5<br/>6<br/>7<br/>8<br/>9<br/>1<br/>',74,'201611152138');

/*Table structure for table `t_request_board_file` */

DROP TABLE IF EXISTS `t_request_board_file`;

CREATE TABLE `t_request_board_file` (
  `board_seq` int(11) DEFAULT NULL COMMENT '게시판seq',
  `seq` int(11) NOT NULL AUTO_INCREMENT COMMENT 'seq',
  `filename` varchar(500) COLLATE utf8_bin DEFAULT NULL COMMENT '파일명',
  `file_url` varchar(1000) COLLATE utf8_bin DEFAULT NULL COMMENT '파일url',
  `register_time` char(12) COLLATE utf8_bin DEFAULT NULL COMMENT '등록일시',
  PRIMARY KEY (`seq`),
  KEY `board_seq` (`board_seq`)
) ENGINE=InnoDB AUTO_INCREMENT=24 DEFAULT CHARSET=utf8 COLLATE=utf8_bin;

/*Data for the table `t_request_board_file` */

insert  into `t_request_board_file`(`board_seq`,`seq`,`filename`,`file_url`,`register_time`) values (2,2,'배경.jpg','/resources/km_upload/request_board/5e45c7f6-33ea-43eb-b8db-fbf9edf2fecc.jpg','201610111613'),(3,3,'OKKY_LOGO.png','/resources/km_upload/request_board/49b02c35-7d33-4066-ab58-75cb6074868f.png','201610242327'),(15,4,'KakaoTalk_Photo_2016-10-28-17-14-14_94.jpeg','/resources/km_upload/request_board/c2f5b3e8-59a7-4891-a6e0-6c91947a405a.jpeg','201610291608'),(19,5,'배경B (37).jpg','/resources/km_upload/request_board/edae5ffb-3cd5-45ba-a56a-e4a5f44ce24d.jpg','201611020013'),(29,6,'best.png','/resources/km_upload/request_board/69bdf2be-dad2-4d16-8d58-a3ce75975961.png','201611021909'),(36,7,'공백.png','/resources/km_upload/request_board/cc41cb6c-eca5-47d4-91bf-557bdd01391f.png','201611021915'),(46,8,'ccl.png','/resources/km_upload/request_board/294094f7-8830-4e18-8ea2-2a8791cbc617.png','201611021929'),(47,9,'ccl.png','/resources/km_upload/request_board/67130e99-bfe7-40f6-82a2-f5c8c5ce1136.png','201611021929'),(47,10,'공백.png','/resources/km_upload/request_board/03cc0796-620e-4447-8cd9-dc89405426a7.png','201611021929'),(47,11,'현재비밀번호.png','/resources/km_upload/request_board/e5217968-024c-42f7-9a70-47fe3a1b2b68.png','201611021929'),(47,12,'best.png','/resources/km_upload/request_board/bccefac8-0797-4a40-8b83-b8c7be99afe4.png','201611021929'),(57,17,'unnamed.jpg','/resources/km_upload/request_board/6b2b8280-d38c-4a69-af1a-0b69065cdde8.jpg','201611041748'),(59,18,'250_영어회화를위한그림영문법.jpg','/resources/km_upload/request_board/25748ea9-a199-4376-80e0-eda692fd266e.jpg','201611152057'),(60,19,'best.png','/resources/km_upload/request_board/628ee201-bc8d-41c3-b6a4-3bc26b7f5459.png','201611152058'),(61,20,'공백.png','/resources/km_upload/request_board/185e7445-bab6-41a6-8997-8a72c4aa6896.png','201611152058'),(62,21,'best.png','/resources/km_upload/request_board/544a5842-ecf1-4e02-8e7b-42e3201577b0.png','201611152102'),(63,22,'250_영어회화를위한그림영문법.jpg','/resources/km_upload/request_board/dba385d9-b2a7-4555-87d4-a12354b0e6de.jpg','201611152102'),(64,23,'wow-wrath-of-the-lich-king-wallpaper-world-of-warcraft-games-169697.jpg','/resources/km_upload/request_board/1a988546-07f9-43f5-9cbd-e5c210db9e3a.jpg','201611152103');

/*Table structure for table `t_stat_activities` */

DROP TABLE IF EXISTS `t_stat_activities`;

CREATE TABLE `t_stat_activities` (
  `stat_month` char(6) COLLATE utf8_bin NOT NULL COMMENT '집계 월',
  `target_seq` int(11) NOT NULL COMMENT '대상(제작자/디자이너 또는 작품)  시퀀스',
  `target_type` char(1) COLLATE utf8_bin NOT NULL COMMENT '대상형태 (1=디자이너/제작자, 2=작품)',
  `update_time` char(14) COLLATE utf8_bin NOT NULL COMMENT '수정일자',
  PRIMARY KEY (`stat_month`,`target_seq`,`target_type`)
) ENGINE=InnoDB DEFAULT CHARSET=utf8 COLLATE=utf8_bin;

/*Data for the table `t_stat_activities` */

insert  into `t_stat_activities`(`stat_month`,`target_seq`,`target_type`,`update_time`) values ('201610',8,'2','20161026181142'),('201610',9,'2','20161026181142'),('201610',12,'2','20161026181142'),('201610',16,'2','20161026181142'),('201610',19,'2','20161026181142'),('201610',21,'2','20161026181142'),('201610',24,'2','20161026181142'),('201610',26,'2','20161026181142'),('201610',27,'2','20161026181142'),('201610',28,'2','20161026181142'),('201610',36,'1','20161026181125'),('201610',38,'1','20161026181125'),('201610',41,'1','20161026181125'),('201610',42,'1','20161026181125'),('201610',43,'1','20161026181125'),('201610',48,'1','20161026181125'),('201610',51,'1','20161026181125'),('201610',60,'1','20161026181125'),('201611',8,'2','20161115113805'),('201611',9,'2','20161115113805'),('201611',10,'2','20161115113805'),('201611',12,'2','20161115113805'),('201611',13,'2','20161115113805'),('201611',15,'2','20161115113805'),('201611',16,'2','20161115113805'),('201611',17,'2','20161115113805'),('201611',22,'2','20161115113805'),('201611',24,'2','20161115113805'),('201611',26,'2','20161115113805'),('201611',27,'2','20161115113805'),('201611',29,'2','20161115113805'),('201611',31,'2','20161115113805'),('201611',33,'2','20161115113805'),('201611',36,'1','20161115113818'),('201611',37,'1','20161115113818'),('201611',37,'2','20161115113805'),('201611',38,'1','20161115113818'),('201611',38,'2','20161115113805'),('201611',39,'1','20161115113818'),('201611',39,'2','20161115113805'),('201611',40,'1','20161115113818'),('201611',40,'2','20161115113805'),('201611',41,'1','20161115113818'),('201611',42,'1','20161115113818'),('201611',42,'2','20161115113805'),('201611',43,'1','20161115113818'),('201611',44,'1','20161115113818'),('201611',45,'2','20161115113805'),('201611',47,'1','20161115113818'),('201611',47,'2','20161115113805'),('201611',48,'1','20161115113818'),('201611',49,'1','20161115113818'),('201611',49,'2','20161115113805'),('201611',51,'1','20161115113818'),('201611',52,'2','20161115113805'),('201611',53,'1','20161115113818'),('201611',53,'2','20161115113805'),('201611',54,'2','20161115113805'),('201611',55,'2','20161115113805'),('201611',56,'1','20161115113818'),('201611',56,'2','20161115113805'),('201611',58,'2','20161115113805'),('201611',59,'1','20161115113818'),('201611',60,'1','20161115113818'),('201611',60,'2','20161115113805'),('201611',61,'1','20161115113818'),('201611',62,'1','20161115113818'),('201611',64,'1','20161115113818'),('201611',66,'1','20161115113818'),('201611',66,'2','20161115113805'),('201611',68,'1','20161115113818'),('201611',68,'2','20161115113805'),('201611',70,'1','20161115113818'),('201611',70,'2','20161115113805'),('201611',72,'1','20161115113818'),('201611',73,'2','20161115113805'),('201611',74,'1','20161115113818'),('201611',74,'2','20161115113805'),('201611',75,'2','20161115113805'),('201611',77,'1','20161115113818'),('201611',77,'2','20161115113805'),('201611',78,'1','20161115113818'),('201611',79,'1','20161115113818'),('201611',79,'2','20161115113805'),('201611',80,'1','20161115113818'),('201611',82,'1','20161115113818'),('201611',84,'1','20161115113818'),('201611',84,'2','20161115113805'),('201611',86,'1','20161115113818'),('201611',86,'2','20161115113805');

/*Table structure for table `t_talk` */

DROP TABLE IF EXISTS `t_talk`;

CREATE TABLE `t_talk` (
  `seq` int(11) NOT NULL AUTO_INCREMENT COMMENT 'seq',
  `contents` varchar(3000) COLLATE utf8_bin DEFAULT NULL COMMENT '내용',
  `recieve_seq` int(11) DEFAULT NULL COMMENT '받는seq',
  `send_seq` int(11) DEFAULT NULL COMMENT '보낸seq',
  `register_time` char(12) COLLATE utf8_bin DEFAULT NULL COMMENT '등록일시',
  `confirm_time` char(12) COLLATE utf8_bin DEFAULT NULL COMMENT '확인일시',
  PRIMARY KEY (`seq`),
  KEY `recieve_seq` (`recieve_seq`),
  KEY `send_seq` (`send_seq`)
) ENGINE=InnoDB AUTO_INCREMENT=74 DEFAULT CHARSET=utf8 COLLATE=utf8_bin;

/*Data for the table `t_talk` */

insert  into `t_talk`(`seq`,`contents`,`recieve_seq`,`send_seq`,`register_time`,`confirm_time`) values (2,'gogog',36,38,'201609302219','201611101836'),(3,'hello',38,36,'201609302219','201611171741'),(4,'ok',36,38,'201609302219','201611101836'),(5,'yeah',38,36,'201609302220','201611171741'),(6,'nice to meet you',36,38,'201609302220','201611101836'),(7,'well',38,36,'201609302220','201611171741'),(8,'hello',38,36,'201610031644','201611171741'),(9,'hi',36,38,'201610031645','201611101836'),(10,'gg',38,36,'201610031645','201611171741'),(11,'yeah',36,38,'201610031645','201611101836'),(12,'gogog',38,36,'201610031654','201611171741'),(13,'yyyy',36,38,'201610031654','201611101836'),(14,'dddd',38,36,'201610031654','201611171741'),(15,'안녕하세요',51,36,'201610031656','201610031657'),(16,'oo',36,51,'201610031657','201610291324'),(17,'well',51,36,'201610031657','201610031657'),(18,'dd',51,36,'201610031657','201610031657'),(19,'??',36,51,'201610031657','201610291324'),(20,'ok',51,36,'201610031657','201610031657'),(21,'test - 안녕하세요',51,41,'201610041525',NULL),(22,'test - 안녕하세요',51,41,'201610041525',NULL),(23,'test - 안녕하세요',51,41,'201610041525',NULL),(24,'Hi, 쪽지 테스트입니다.',41,39,'201610051336','201611031448'),(25,'test2',41,39,'201610051336','201611031448'),(26,'test3',41,39,'201610051336','201611031448'),(27,'test5',41,39,'201610051337','201611031448'),(28,'test1',51,39,'201610051337',NULL),(29,'test',39,41,'201610051742','201610281800'),(30,'testtesttesttesttesttesttesttesttesttesttesttesttesttesttesttesttesttesttesttesttesttesttesttesttesttesttesttesttesttesttesttesttesttesttesttesttesttesttesttesttesttesttesttesttesttesttesttesttesttesttesttesttesttesttesttesttesttesttesttesttesttesttesttesttesttesttesttesttesttesttesttesttesttesttesttesttesttesttesttesttesttesttesttesttesttesttesttesttesttesttesttesttesttesttesttesttesttesttesttesttesttesttesttesttesttesttesttesttesttesttesttesttesttesttesttesttesttesttesttesttesttesttesttesttesttesttesttesttesttesttesttesttesttesttesttesttesttesttesttesttesttesttesttesttesttesttesttesttesttesttesttesttesttesttesttesttesttesttesttesttesttesttesttesttesttesttesttesttesttesttesttesttesttesttesttesttesttesttesttesttesttesttesttesttesttesttesttesttesttesttesttesttesttesttesttesttesttesttesttesttesttesttesttesttesttesttesttesttesttesttesttesttesttesttesttesttesttesttesttesttesttesttesttesttesttesttesttesttesttesttesttesttesttesttesttesttesttesttesttesttesttesttesttesttesttesttesttesttesttesttesttest',39,41,'201610051743','201610281800'),(31,'omg',39,41,'201610061801','201610281800'),(32,'...',39,41,'201610061801','201610281800'),(33,'.....',39,41,'201610061802','201610281800'),(34,'.....................',39,41,'201610061802','201610281800'),(35,'..................',39,41,'201610061802','201610281800'),(36,'...................',39,41,'201610061802','201610281800'),(37,'안녕하세요',44,44,'201610111457','201610111457'),(38,'네 반가워요',44,44,'201610111457','201610111457'),(39,'제가 저한테 쪽지를 보내는거죠?',44,44,'201610111457','201610111457'),(40,'안녕하세요!',41,60,'201610251759','201611062158'),(41,'헐',60,41,'201610251801','201610271400'),(42,'ㅎㅇ',60,56,'201610271415',NULL),(43,'안녕하세여',64,62,'201610291544','201611041324'),(44,'gd',62,64,'201610291545','201611081633'),(45,'dd',62,62,'201610291545','201610291632'),(46,'dd',62,62,'201610291545','201610291632'),(47,'dd',62,62,'201610291545','201610291632'),(48,'gg',62,62,'201610291545','201610291632'),(49,'gggg',62,62,'201610291548','201610291632'),(50,'wwww',64,62,'201610291548','201611041324'),(51,'ggg',62,62,'201610291549','201610291632'),(52,'123456789012345678901234567890123456789012345678901234567890123456789012345678901234567890123456789012345678901234567890123456789012345678901234567890123456789012345678901234567890123456789012345678901234567890123456789012345678901234567890123456789012345678901234567890123456789012345678901234567890',60,41,'201611012325',NULL),(53,'ㅁㄴㅇ',77,66,'201611021848','201611022025'),(54,'김',77,66,'201611021848','201611022025'),(55,'김김',77,66,'201611021848','201611022025'),(56,'아',66,77,'201611021848','201611022027'),(57,'받아',66,77,'201611021848','201611022027'),(58,'인생',77,66,'201611021848','201611022025'),(59,'?',66,77,'201611021849','201611022027'),(60,'sadf',77,66,'201611022024','201611022025'),(61,'시발',77,66,'201611022027',NULL),(62,'씨바알',68,81,'201611022029',NULL),(63,'테스트 메시지입니다.테스트 메시지입니다.테스트 메시지입니다.테스트 메시지입니다.테스트 메시지입니다.테스트 메시지입니다.테스트 메시지입니다.테스트 메시지입니다.테스트 메시지입니다.테스트 메시지입니다.테스트 메시지입니다.테스트 메시지입니다.테스트 메시지입니다.테스트 메시지입니다.테스트 메시지입니다.테스트 메시지입니다.테스트 메시지입니다.테스트 메시지입니다.테스트 메시지입니다.테스트 메시지입니다.테스트 메시지입니다.테스트 메시지입니다.테스트 메시지입니다.',53,62,'201611041447','201611081826'),(64,'두번째 테스트 메시지입니다. 두번째 테스트 메시지입니다.두번째 테스트 메시지입니다.두번째 테스트 메시지입니다.두번째 테스트 메시지입니다.두번째 테스트 메시지입니다.두번째 테스트 메시지입니다.두번째 테스트 메시지입니다.두번째 테스트 메시지입니다.두번째 테스트 메시지입니다.두번째 테스트 메시지입니다.',53,62,'201611041447','201611081826'),(65,'세번째 테스트 메시지입니다.세번째 테스트 메시지입니다.세번째 테스트 메시지입니다.세번째 테스트 메시지입니다.세번째 테스트 메시지입니다.세번째 테스트 메시지입니다.세번째 테스트 메시지입니다.세번째 테스트 메시지입니다.세번째 테스트 메시지입니다.세번째 테스트 메시지입니다.세번째 테스트 메시지입니다.세번째 테스트 메시지입니다.세번째 테스트 메시지입니다.세번째 테스트 메시지입니다.',53,62,'201611041447','201611081826'),(66,'Karen_OKJSP 계정 삭제해주세요~',51,41,'201611062149',NULL),(67,'Karen_OKJSP 계정 삭제해주세요~',51,41,'201611062149',NULL),(68,'dddd',38,36,'201611101834','201611171741'),(69,'gggg',38,36,'201611101835','201611171741'),(70,'aaaa',36,38,'201611101835','201611101836'),(71,'dd',36,38,'201611101835','201611101836'),(72,'bb',38,36,'201611101836','201611171741'),(73,'gogogogo\r\ndd',36,38,'201611171741',NULL);

/*Table structure for table `t_zip_code` */

DROP TABLE IF EXISTS `t_zip_code`;

CREATE TABLE `t_zip_code` (
  `seq` int(11) NOT NULL AUTO_INCREMENT COMMENT 'seq',
  `sido` varchar(50) NOT NULL COMMENT '시/도',
  PRIMARY KEY (`seq`),
  UNIQUE KEY `sido_UNIQUE` (`sido`)
) ENGINE=InnoDB AUTO_INCREMENT=18 DEFAULT CHARSET=utf8;

/*Data for the table `t_zip_code` */

insert  into `t_zip_code`(`seq`,`sido`) values (1,'강원도'),(2,'경기도'),(3,'경상남도'),(4,'경상북도'),(5,'광주광역시'),(6,'대구광역시'),(7,'대전광역시'),(8,'부산광역시'),(9,'서울특별시'),(10,'세종특별자치시'),(11,'울산광역시'),(12,'인천광역시'),(13,'전라남도'),(14,'전라북도'),(15,'제주특별자치도'),(16,'충청남도'),(17,'충청북도');

/*Table structure for table `v_design_work` */

DROP TABLE IF EXISTS `v_design_work`;

/*!50001 DROP VIEW IF EXISTS `v_design_work` */;
/*!50001 DROP TABLE IF EXISTS `v_design_work` */;

/*!50001 CREATE TABLE  `v_design_work`(
 `seq` int(11) ,
 `view_cnt` int(11) ,
 `title` char(200) ,
 `license` varchar(3) ,
 `point` int(11) ,
 `thumb_uri` varchar(200) ,
 `contents` varchar(1000) ,
 `register_time` char(12) ,
 `tags` varchar(200) ,
 `member_seq` int(11) ,
 `update_time` char(12) ,
 `del_flag` char(1) 
)*/;

/*Table structure for table `v_project` */

DROP TABLE IF EXISTS `v_project`;

/*!50001 DROP VIEW IF EXISTS `v_project` */;
/*!50001 DROP TABLE IF EXISTS `v_project` */;

/*!50001 CREATE TABLE  `v_project`(
 `public_yn` varchar(1) ,
 `project_name` varchar(200) ,
 `progress_status` varchar(1) ,
 `seq` int(11) ,
 `file_url` varchar(200) ,
 `register_time` char(12) ,
 `update_time` char(12) ,
 `owner_seq` int(11) ,
 `file_name` varchar(256) ,
 `del_flag` char(1) 
)*/;

/*Table structure for table `v_project_work` */

DROP TABLE IF EXISTS `v_project_work`;

/*!50001 DROP VIEW IF EXISTS `v_project_work` */;
/*!50001 DROP TABLE IF EXISTS `v_project_work` */;

/*!50001 CREATE TABLE  `v_project_work`(
 `title` varchar(200) ,
 `contents` varchar(3000) ,
 `seq` int(11) ,
 `project_subject_seq` int(11) ,
 `member_seq` int(11) ,
 `register_time` char(12) ,
 `refer_project_work_seq` int(11) ,
 `last_ver` varchar(5) ,
 `del_flag` char(1) ,
 `thumb_uri` varchar(300) 
)*/;

/*View structure for view v_design_work */

/*!50001 DROP TABLE IF EXISTS `v_design_work` */;
/*!50001 DROP VIEW IF EXISTS `v_design_work` */;

/*!50001 CREATE ALGORITHM=UNDEFINED DEFINER=`opendesign`@`%` SQL SECURITY DEFINER VIEW `v_design_work` AS select `t_design_work`.`seq` AS `seq`,`t_design_work`.`view_cnt` AS `view_cnt`,`t_design_work`.`title` AS `title`,`t_design_work`.`license` AS `license`,`t_design_work`.`point` AS `point`,`t_design_work`.`thumb_uri` AS `thumb_uri`,`t_design_work`.`contents` AS `contents`,`t_design_work`.`register_time` AS `register_time`,`t_design_work`.`tags` AS `tags`,`t_design_work`.`member_seq` AS `member_seq`,`t_design_work`.`update_time` AS `update_time`,`t_design_work`.`del_flag` AS `del_flag` from `t_design_work` where (`t_design_work`.`del_flag` = 'N') */;

/*View structure for view v_project */

/*!50001 DROP TABLE IF EXISTS `v_project` */;
/*!50001 DROP VIEW IF EXISTS `v_project` */;

/*!50001 CREATE ALGORITHM=UNDEFINED DEFINER=`opendesign`@`%` SQL SECURITY DEFINER VIEW `v_project` AS select `t_project`.`public_yn` AS `public_yn`,`t_project`.`project_name` AS `project_name`,`t_project`.`progress_status` AS `progress_status`,`t_project`.`seq` AS `seq`,`t_project`.`file_url` AS `file_url`,`t_project`.`register_time` AS `register_time`,`t_project`.`update_time` AS `update_time`,`t_project`.`owner_seq` AS `owner_seq`,`t_project`.`file_name` AS `file_name`,`t_project`.`del_flag` AS `del_flag` from `t_project` where (`t_project`.`del_flag` = 'N') */;

/*View structure for view v_project_work */

/*!50001 DROP TABLE IF EXISTS `v_project_work` */;
/*!50001 DROP VIEW IF EXISTS `v_project_work` */;

/*!50001 CREATE ALGORITHM=UNDEFINED DEFINER=`opendesign`@`%` SQL SECURITY DEFINER VIEW `v_project_work` AS select `t_project_work`.`title` AS `title`,`t_project_work`.`contents` AS `contents`,`t_project_work`.`seq` AS `seq`,`t_project_work`.`project_subject_seq` AS `project_subject_seq`,`t_project_work`.`member_seq` AS `member_seq`,`t_project_work`.`register_time` AS `register_time`,`t_project_work`.`refer_project_work_seq` AS `refer_project_work_seq`,`t_project_work`.`last_ver` AS `last_ver`,`t_project_work`.`del_flag` AS `del_flag`,`t_project_work`.`thumb_uri` AS `thumb_uri` from `t_project_work` where (`t_project_work`.`del_flag` = 'N') */;

/*!40101 SET SQL_MODE=@OLD_SQL_MODE */;
/*!40014 SET FOREIGN_KEY_CHECKS=@OLD_FOREIGN_KEY_CHECKS */;
/*!40014 SET UNIQUE_CHECKS=@OLD_UNIQUE_CHECKS */;
/*!40111 SET SQL_NOTES=@OLD_SQL_NOTES */;
